lambda,agent_type,run,avg_final_state,avg_avg_state,avg_accuracy,avg_engagement,avg_questions_answered,avg_total_reward
0.1,bandit,1,1.9,1.8991775919648015,0.3549012560993194,0.4682671445160784,62.4075,0.45693055567440255
0.1,bandit,2,1.9475,1.8762573153958917,0.3544311658115361,0.47617348091040007,59.5375,0.4639992494005137
0.1,bandit,3,2.0175,1.9832643270642205,0.3727902119927252,0.4684713278278454,63.785,0.4589032162443334
0.1,bandit,4,2.0025,2.006962363374671,0.32803674149309997,0.4238954255820683,54.0975,0.41430955717317147
0.1,bandit,5,1.9925,1.949118774774084,0.3565849962365003,0.46616561485919644,64.55,0.45520755299692683
0.1,bandit,6,1.92,1.8938901302624072,0.3412246263587731,0.45931186403404944,58.57,0.44750314026652177
0.1,bandit,7,2.0525,1.9892698549404089,0.3652941091677427,0.45846053988243085,63.3475,0.449143896810962
0.1,bandit,8,1.9575,1.8868773455156242,0.3782836017449124,0.48381398672484205,64.165,0.47326094822684905
0.1,bandit,9,1.8825,1.8655578333457057,0.37641566133699267,0.4883765823297197,67.61,0.4771804902304469
0.1,bandit,10,1.89,1.8275499756709155,0.38680755801513156,0.4919887202781743,73.7375,0.48147060405187003
0.1,bandit,11,1.895,1.809472370685417,0.3732219311526268,0.5070528045849342,64.4975,0.4936697172417034
0.1,bandit,12,2.0075,1.9684351899118337,0.3488410319680244,0.4489757147160801,65.37,0.4389622464412745
0.1,bandit,13,1.94,1.9339090122183598,0.3714284906400701,0.46239119214113544,60.4125,0.4532949219910289
0.1,bandit,14,1.91,1.8845042334696924,0.36548074256678365,0.47273679025499393,62.4875,0.46201118548617287
0.1,bandit,15,1.95,1.9102051757094205,0.37720754717005966,0.4738661722891643,64.0175,0.4642003097772539
0.1,bandit,16,2.1,2.0782351655170728,0.3457046608817641,0.4068512820377914,55.785,0.4007366199221887
0.1,bandit,17,1.9075,1.890624985236894,0.35828630683567936,0.4715352939973757,60.135,0.4602103952812061
0.1,bandit,18,1.985,1.9852018960165112,0.3420794793637472,0.4395157612242386,52.85,0.4297721330381894
0.1,bandit,19,1.9875,1.9939413319288548,0.3731716556060373,0.471223896609246,67.84,0.46141867250892526
0.1,bandit,20,1.9375,1.8814624064610321,0.35482210893610977,0.49195511126971375,65.2325,0.4782418110363534
0.1,bandit,21,1.8175,1.815013226959885,0.3526660534775623,0.468962151850207,59.895,0.4573325420129425
0.1,bandit,22,2.02,1.9982338502971018,0.3368299859986925,0.4386451095546079,59.8625,0.4284635971990163
0.1,bandit,23,1.8675,1.927836066551452,0.3542118654815322,0.4611442175075506,64.2225,0.45045098230494873
0.1,bandit,24,1.94,1.9484113405880112,0.3521927187675199,0.4690272076457095,64.8275,0.4573437587578906
0.1,bandit,25,1.9475,1.8804701229136476,0.36120040174033313,0.45854468089122524,61.5875,0.448810252976136
0.1,bandit,26,2.03,1.9620082259155982,0.3595956526626699,0.45372513465185477,65.4175,0.4443121864529364
0.1,bandit,27,1.92,1.9251634849885408,0.35307237917324824,0.4660306282066962,58.2225,0.4547348033033515
0.1,bandit,28,1.95,1.8798227078162082,0.36724923291238637,0.45502940210813914,57.15,0.44625138518856383
0.1,bandit,29,2.0325,2.017733948700501,0.3372243742511063,0.43553574768881065,53.875,0.4257046103450402
0.1,bandit,30,2.03,2.0109559008405298,0.3581733348912122,0.4720948944096861,65.49,0.4607027384578386
0.1,bandit,31,1.945,1.9562515762592014,0.32944169870484585,0.4491520624602178,55.4925,0.43718102608468057
0.1,bandit,32,1.965,1.9420546235969087,0.35589699745126,0.45150331266404464,63.9775,0.44194268114276625
0.1,bandit,33,1.95,1.9040028482706943,0.3517825741308531,0.47855902652432347,58.57,0.46588138128497647
0.1,bandit,34,1.9,1.8344821859570828,0.3663461048373962,0.480439887454386,67.3925,0.4690305091926871
0.1,bandit,35,1.96,1.9355984641449948,0.35056745071699685,0.4439815693479913,58.47,0.4346401574848919
0.1,bandit,36,1.8425,1.8351453143012992,0.3665831260511701,0.4825321652166612,60.8825,0.47093726130011204
0.1,bandit,37,2.0725,2.0248645378225287,0.35423818153490444,0.43535102532250014,57.68,0.42723974094374056
0.1,bandit,38,1.92,1.9023164522810336,0.3507148297654231,0.48140402082180345,61.67,0.4683351017161654
0.1,bandit,39,2.0575,2.019764046127608,0.3464338046383078,0.4433634766458694,61.4475,0.43367050944511326
0.1,bandit,40,1.9625,1.939245406919019,0.3555142439005606,0.4654268275685204,61.875,0.45443556920172434
0.1,bandit,41,1.8625,1.8227919774135968,0.353810720129499,0.4831536181790743,66.2225,0.47021932837411684
0.1,bandit,42,1.89,1.878852394203877,0.36273931554518085,0.48178333948522706,61.1925,0.46987893709122247
0.1,bandit,43,1.9125,1.884626702598796,0.3569924851237792,0.48411031848027475,64.3525,0.4713985351446253
0.1,bandit,44,1.9725,1.9206195953971064,0.36326993466646795,0.48029488747952614,62.745,0.4685923921982203
0.1,bandit,45,1.975,1.9104833869629618,0.3453215757089444,0.45537420690441244,60.1575,0.44436894378486563
0.1,bandit,46,2.0225,1.9813129174346609,0.3695854227648914,0.49701249958345045,64.9675,0.4842697919015945
0.1,bandit,47,1.94,1.91564522168877,0.37021897134556886,0.4755280162582208,61.525,0.4649971117669556
0.1,bandit,48,2.0225,1.9759583018016464,0.3405977109836195,0.4665520156398732,61.665,0.45395658517424786
0.1,bandit,49,1.975,1.9512533034569604,0.3424891780332656,0.47044518119385303,59.7875,0.45764958087779417
0.1,bandit,50,1.9875,1.9646857198667107,0.3574101691097664,0.4609945999286731,54.83,0.4506361568467824
0.1,pomdp,1,1.735,1.8901321486384888,0.4751262197716879,0.634464427606259,87.59,0.6185306068228019
0.1,pomdp,2,1.735,1.78717804851644,0.46653346120705197,0.6231479708538106,84.865,0.6074865198891346
0.1,pomdp,3,1.62,1.8150549067947679,0.4961618806689787,0.6587260362066668,95.355,0.6424696206528979
0.1,pomdp,4,1.755,1.85448088034933,0.47970500600157356,0.6508182174434064,86.2425,0.6337068962992232
0.1,pomdp,5,1.735,1.8615113330820265,0.4747861468319226,0.6145920103624143,75.0975,0.6006114240093651
0.1,pomdp,6,1.8,1.9218450467457608,0.4785609300222386,0.6356815005426796,85.26,0.6199694434906354
0.1,pomdp,7,1.61,1.7317551606332473,0.48118381390196463,0.645067690627719,86.55,0.6286793029551436
0.1,pomdp,8,1.6375,1.7898975872604836,0.46346732779011285,0.6224643713863209,84.5075,0.6065646670267
0.1,pomdp,9,1.7025,1.826075827656171,0.4756049845151892,0.6205642766167544,77.3375,0.6060683474065979
0.1,pomdp,10,1.7,1.8231689619846692,0.4660618460695465,0.6200589043397015,79.34,0.604659198512686
0.1,pomdp,11,1.7,1.8060414340622413,0.4797798687551395,0.6305273111665937,84.2675,0.6154525669254483
0.1,pomdp,12,1.7375,1.9119351050255378,0.4780498175601052,0.6463116675418651,83.205,0.6294854825436892
0.1,pomdp,13,1.575,1.7267403692272205,0.4926413151862514,0.6479207242346842,93.365,0.6323927833298408
0.1,pomdp,14,1.7575,1.8827016391885303,0.45752682565061575,0.6243523220689645,84.5525,0.6076697724271297
0.1,pomdp,15,1.745,1.883359415206755,0.4845361102979558,0.6268367726774012,85.575,0.6126067064394567
0.1,pomdp,16,1.6775,1.7904444940249145,0.4787828699309708,0.6523701639809404,84.8175,0.6350114345759436
0.1,pomdp,17,1.8275,1.9253351532480982,0.4842819311479731,0.6401836321626329,83.765,0.624593462061167
0.1,pomdp,18,1.58,1.7765406665210675,0.49083456968495254,0.6875019217281078,96.69,0.6678351865237923
0.1,pomdp,19,1.7825,1.909989947734792,0.482834278658021,0.6394651687440094,83.3975,0.6238020797354106
0.1,pomdp,20,1.765,1.9272128672885038,0.4757070130344012,0.6295740206800788,80.49,0.614187319915511
0.1,pomdp,21,1.8,1.899535295579601,0.47296793867433706,0.6297289897050196,84.35,0.6140528846019514
0.1,pomdp,22,1.7425,1.8639155348599332,0.472653733447317,0.6398758863663082,88.555,0.6231536710744091
0.1,pomdp,23,1.67,1.8409884785562531,0.48472813811056875,0.6547842994033121,89.0725,0.6377786832740377
0.1,pomdp,24,1.7475,1.902075847648348,0.4808453589776417,0.6369414027359389,86.975,0.6213317983601092
0.1,pomdp,25,1.7225,1.8861114929151364,0.4718624568383942,0.6403395073392477,88.9725,0.6234918022891623
0.1,pomdp,26,1.66,1.794989472096118,0.48543067215825253,0.6386730613678002,84.1425,0.6233488224468454
0.1,pomdp,27,1.835,1.9445128493165245,0.4678797913096564,0.6417790053263238,81.905,0.6243890839246571
0.1,pomdp,28,1.715,1.8053009725052607,0.4748669818591638,0.6226894835786281,82.3175,0.6079072334066816
0.1,pomdp,29,1.6725,1.8365948562061662,0.473774576460771,0.6364994956532548,86.5425,0.6202270037340065
0.1,pomdp,30,1.7275,1.8622417519058834,0.49625499441735427,0.6357748430647149,89.875,0.6218228581999788
0.1,pomdp,31,1.7275,1.8846779723137679,0.4732830162665762,0.6221022979104185,77.89,0.6072203697460342
0.1,pomdp,32,1.7825,1.9275857292656997,0.49500087844411667,0.6386039493234044,88.37,0.6242436422354756
0.1,pomdp,33,1.6625,1.7629985813697941,0.4928204294915609,0.6568441272209296,91.3925,0.6404417574479928
0.1,pomdp,34,1.76,1.8659089844703884,0.4922954804929794,0.6189123412457366,85.9375,0.606250655170461
0.1,pomdp,35,1.6775,1.8460603618607632,0.480005629106972,0.6603510463017404,90.485,0.6423165045822636
0.1,pomdp,36,1.835,1.9882170919322775,0.463449122234201,0.6152133065311933,75.705,0.6000368881014941
0.1,pomdp,37,1.7325,1.8157080129913044,0.4978601701585446,0.6392641144678501,93.09,0.6251237200369195
0.1,pomdp,38,1.705,1.826262598425618,0.4659310864824869,0.6394835729356998,84.64,0.6221283242903785
0.1,pomdp,39,1.755,1.851053945926224,0.4758809056639807,0.61668852041123,82.3475,0.6026077589365051
0.1,pomdp,40,1.8075,1.893345976745996,0.48442260583768587,0.6406449019324905,89.78,0.6250226723230099
0.1,pomdp,41,1.6475,1.8060147688705257,0.474177484601138,0.6468166250979859,88.2025,0.6295527110483011
0.1,pomdp,42,1.68,1.7898208177351234,0.46497676851175596,0.6375063858360636,79.3,0.6202534241036328
0.1,pomdp,43,1.6875,1.7801253496651839,0.48519843963677517,0.6511567180549477,83.855,0.6345608902131304
0.1,pomdp,44,1.6675,1.8027780767746764,0.48320696508443356,0.6376643210068992,88.805,0.6222185854146527
0.1,pomdp,45,1.76,1.9413700944715442,0.4784946991827498,0.6359071122658135,85.99,0.6201658709575071
0.1,pomdp,46,1.7325,1.9240562459045492,0.48972880845323985,0.6410218322103275,86.4225,0.6258925298346187
0.1,pomdp,47,1.7575,1.8430930018661025,0.49072308706803924,0.6309948866300236,83.005,0.6169677066738252
0.1,pomdp,48,1.655,1.8364245627252882,0.47900685734559145,0.6211347517156086,87.3525,0.6069219622786071
0.1,pomdp,49,1.7325,1.8524184542691682,0.48701338509028075,0.6488246431161196,90.73,0.6326435173135359
0.1,pomdp,50,1.745,1.8773954664271424,0.45893161795081083,0.6139882979218676,80.6375,0.598482629924762
0.2,bandit,1,1.95,1.871001016008218,0.3927518028094592,0.5020742976309487,70.935,0.48020979866665087
0.2,bandit,2,1.9225,1.8708490911943643,0.36879949741098444,0.4879756070662216,65.21,0.46414038513517425
0.2,bandit,3,2.0075,1.9266454935070754,0.3453345578463777,0.4523994690188728,57.795,0.4309864867843738
0.2,bandit,4,1.86,1.8586371109815456,0.3655620375247026,0.4786231742862624,59.4525,0.45601094693395056
0.2,bandit,5,1.9575,1.9534362150206441,0.3744448836480231,0.49831484813963883,73.0025,0.4735408552413156
0.2,bandit,6,1.85,1.8280266266506424,0.3670219272637896,0.4990617496134098,71.14,0.47265378514348577
0.2,bandit,7,2.0275,1.960779336358226,0.36321420243915,0.4611146126573782,65.3125,0.44153453061373255
0.2,bandit,8,2.015,1.9700792358407304,0.35421970388947044,0.43755434341370675,61.415,0.42088741550885955
0.2,bandit,9,1.9025,1.8932013328248525,0.36266196321872,0.4882645745755403,65.9525,0.46314405230417627
0.2,bandit,10,1.965,1.9390040816409322,0.358456507150808,0.460326788814298,62.4975,0.43995273248160005
0.2,bandit,11,1.985,1.9701974026876419,0.35888912602598366,0.46602752244315815,59.51,0.4445998431597233
0.2,bandit,12,1.955,1.8971548285518152,0.3495261583304404,0.44621026639664974,58.2175,0.4268734447834079
0.2,bandit,13,1.95,1.9004248190719553,0.3674813751694468,0.47807637600950526,66.69,0.4559573758414936
0.2,bandit,14,1.935,1.9215482205925871,0.3771012271752355,0.4858805414046715,69.36,0.46412467855878425
0.2,bandit,15,1.925,1.8700394590488838,0.37182034335168124,0.507326874212414,66.015,0.48022556804026734
0.2,bandit,16,1.96,1.9390442443387446,0.34225904804357293,0.45912733606269723,59.5025,0.43575367845887236
0.2,bandit,17,1.9575,1.8431864339648198,0.38075917274562016,0.50811338915195,70.2475,0.48264254587068406
0.2,bandit,18,1.945,1.8844226033215572,0.36701373914505175,0.45911830442779744,57.105,0.44069739137124836
0.2,bandit,19,2.06,2.005463356932269,0.36966094471828626,0.4680727226659589,64.595,0.4483903670764244
0.2,bandit,20,2.09,2.0458233084601254,0.32962082791284786,0.43706621225687997,58.5325,0.4155771353880735
0.2,bandit,21,1.8675,1.8398277972533679,0.36367116521591525,0.4595771024088262,60.1075,0.44039591497024405
0.2,bandit,22,1.87,1.83859623152786,0.3808530207718971,0.48765624752731074,62.97,0.466295602176228
0.2,bandit,23,1.8525,1.867108343552552,0.36494743228746046,0.481861533214977,60.74,0.4584787130294737
0.2,bandit,24,1.9325,1.9546390103510132,0.33468380966373024,0.4492885209227627,59.76,0.42636757867095626
0.2,bandit,25,1.9875,1.9783731777048639,0.35129019378568527,0.444885076576843,64.36,0.4261661000186115
0.2,bandit,26,1.92,1.883837312294221,0.36663374772311047,0.47792819444055235,58.4175,0.45566930509706394
0.2,bandit,27,2.015,1.9666320722249713,0.3357231157855894,0.45355596989821806,57.135,0.4299893990756924
0.2,bandit,28,1.945,1.950052877214901,0.343094914225549,0.4471913533253391,55.93,0.42637206550538104
0.2,bandit,29,1.8925,1.8849710855177306,0.3517778729298572,0.47273691359096026,65.565,0.4485451054587397
0.2,bandit,30,1.9975,1.9187817567106997,0.3650500570164329,0.46366320930065996,60.87,0.44394057884381455
0.2,bandit,31,1.9525,2.0026670181352735,0.34146165094592107,0.4475110607493832,60.4675,0.4263011787886908
0.2,bandit,32,2.015,2.0196018164614475,0.3472737408248079,0.43016342076886604,60.395,0.4135854847800543
0.2,bandit,33,1.95,1.9341151180367298,0.359907438087899,0.4499199142348019,65.745,0.43191741900542124
0.2,bandit,34,1.965,1.9252333304614841,0.3575280680088109,0.4691679326764921,57.4175,0.4468399597429558
0.2,bandit,35,2.0275,1.9868485960783488,0.34772640264383364,0.4654060858121478,63.66,0.441870149178485
0.2,bandit,36,1.965,1.8941662657568445,0.3569717296693566,0.46905653492782456,65.5275,0.44663957387613096
0.2,bandit,37,2.1,2.049494415017582,0.37550117107764835,0.46172077143810425,57.5075,0.44447685136601306
0.2,bandit,38,1.925,1.8819741620407462,0.3809430283365819,0.508448862002221,73.87,0.48294769526909304
0.2,bandit,39,1.845,1.8484609363814137,0.3739036752200181,0.48109653944859454,62.5225,0.4596579666028792
0.2,bandit,40,1.985,1.971386835908539,0.3637693146618105,0.4701233150170339,62.93,0.4488525149459892
0.2,bandit,41,2.0375,1.9981815574816864,0.34534286211545023,0.43653197041012193,57.0775,0.4182941487511876
0.2,bandit,42,1.96,1.9744666078698492,0.34651113779617326,0.4536193801396935,54.635,0.4321977316709895
0.2,bandit,43,1.95,1.9425864563794184,0.3619385596665791,0.4827525879171728,63.705,0.45858978226705405
0.2,bandit,44,1.855,1.8409111075489406,0.3859226968165254,0.49129080401005887,65.985,0.4702171825713522
0.2,bandit,45,2.015,1.9940152471591965,0.33286610631965297,0.4404152320638293,65.98,0.4189054069149941
0.2,bandit,46,1.8725,1.7894378185614972,0.37594804413793415,0.514712772432758,67.985,0.4869598267737933
0.2,bandit,47,1.985,1.9676700254208503,0.3716653780038075,0.4533448568712689,63.12,0.43700896109777676
0.2,bandit,48,1.9575,1.949017650242249,0.3548394472362608,0.48252818268915365,53.76,0.45699043559857516
0.2,bandit,49,2.05,1.9952388216224142,0.3659665521822568,0.443032035707554,61.5125,0.4276189390024946
0.2,bandit,50,1.9575,1.9556152395017494,0.3476915042883739,0.45574457136077867,60.3425,0.43413395794629767
0.2,pomdp,1,1.5875,1.7073431786047786,0.4837877288038716,0.6412917706172147,87.4775,0.6097909622545461
0.2,pomdp,2,1.72,1.8891685869083263,0.4861786407591954,0.645855896277944,89.5575,0.6139204451741944
0.2,pomdp,3,1.655,1.763279527938036,0.4752524938617577,0.632369638025547,84.945,0.6009462091927891
0.2,pomdp,4,1.7,1.8306482136812416,0.498682135505676,0.6681473439248938,97.16,0.6342543022410503
0.2,pomdp,5,1.72,1.918775994142362,0.48420195266861765,0.6259429057288698,80.86,0.5975947151168195
0.2,pomdp,6,1.805,1.9068892160139344,0.4770385927702687,0.6148535935106086,80.745,0.5872905933625406
0.2,pomdp,7,1.6925,1.821762803604899,0.4673210871029744,0.630630468893212,82.7325,0.5979685925351644
0.2,pomdp,8,1.69,1.80957914795642,0.4688680511224233,0.6351693703640248,83.8975,0.6019091065157045
0.2,pomdp,9,1.715,1.8449746390639756,0.5011500465831064,0.6436149934015694,90.0675,0.6151220040378768
0.2,pomdp,10,1.655,1.7650812575553987,0.48298948828126825,0.6460641263974778,92.7525,0.6134491987742359
0.2,pomdp,11,1.74,1.8518680045225517,0.48591176600561226,0.6475536930528967,87.39,0.6152253076434397
0.2,pomdp,12,1.6625,1.8273472469399334,0.48872571053816816,0.6369417531703313,87.6,0.6072985446438987
0.2,pomdp,13,1.675,1.833115145623774,0.5027791196269976,0.6626688517637223,98.5825,0.6306909053363773
0.2,pomdp,14,1.8175,1.9458103422987727,0.4680751974242367,0.623345117895752,78.7925,0.592291133801449
0.2,pomdp,15,1.87,1.9634070053965929,0.47212082833160596,0.6129669212811832,80.9725,0.5847977026912677
0.2,pomdp,16,1.73,1.838295244489105,0.48354124728108727,0.6333151513825068,86.45,0.6033603705622229
0.2,pomdp,17,1.9,2.0475372491740536,0.48250042644562796,0.5911600916906167,80.3975,0.5694281586416189
0.2,pomdp,18,1.695,1.8471219924661098,0.48518691249736684,0.6435840104696094,91.1925,0.6119045908751609
0.2,pomdp,19,1.6975,1.815470736186824,0.5001282598656569,0.6527155753565448,92.375,0.6221981122583673
0.2,pomdp,20,1.6875,1.8441452308026436,0.4819267820190785,0.6192365860887353,86.375,0.591774625274804
0.2,pomdp,21,1.86,1.9870765500076357,0.4890149143920138,0.647531087117983,90.335,0.6158278525727892
0.2,pomdp,22,1.7775,1.9079345705061457,0.4782669987352343,0.6263214294969413,84.3975,0.5967105433445998
0.2,pomdp,23,1.7125,1.82291686416922,0.4714263568052489,0.6498293272875821,93.55,0.6141487331911155
0.2,pomdp,24,1.7575,1.8813695534323391,0.4715351080106118,0.6365051769135825,85.39,0.6035111631329886
0.2,pomdp,25,1.7525,1.8475433276092479,0.48818213569048224,0.6582093748895701,88.33,0.6242039270497526
0.2,pomdp,26,1.625,1.7688037326313488,0.4947464225508857,0.6481958269365399,90.1525,0.617505946059409
0.2,pomdp,27,1.8825,2.062559728957871,0.4769035778523935,0.6440499034597968,82.415,0.6106206383383161
0.2,pomdp,28,1.7175,1.822516032848011,0.4957257693028603,0.6530709372718068,91.22,0.6216019036780175
0.2,pomdp,29,1.7725,1.9160359742971136,0.47667484439211144,0.6356840921996324,75.92,0.6038822426381283
0.2,pomdp,30,1.8375,1.92839429052558,0.49297358895929283,0.6600778670258006,89.9875,0.6266570114124991
0.2,pomdp,31,1.6325,1.7513401591461035,0.48610635416216197,0.6370120994049937,90.475,0.6068309503564273
0.2,pomdp,32,1.785,1.9405076642134522,0.48079609302712967,0.6209404449432767,83.07,0.5929115745600473
0.2,pomdp,33,1.815,1.9391378436259479,0.48485175034399347,0.6346081154843628,81.6325,0.6046568424562889
0.2,pomdp,34,1.8525,1.9370024387573535,0.48033749264919684,0.622616628298922,84.3225,0.5941608011689768
0.2,pomdp,35,1.6525,1.7922166652311609,0.4831332236400837,0.660471381373087,87.2425,0.6250037498264865
0.2,pomdp,36,1.6475,1.813592064337945,0.49420184758192276,0.6319317482375351,84.35,0.6043857681064126
0.2,pomdp,37,1.74,1.880735610737922,0.4908014408459327,0.644531898865051,88.34,0.6137858072612273
0.2,pomdp,38,1.6975,1.8134687733727315,0.4834329703001592,0.6262175158734198,89.8425,0.5976606067587676
0.2,pomdp,39,1.6725,1.7906904730936133,0.47758219206610214,0.6235450867866289,82.4425,0.5943525078425236
0.2,pomdp,40,1.715,1.8088644291240956,0.4868606625557076,0.643136750610114,90.595,0.6118815329992328
0.2,pomdp,41,1.6625,1.7378368820382126,0.4955124102814423,0.6558886660081581,84.7825,0.6238134148628149
0.2,pomdp,42,1.675,1.8424946603674164,0.47404493070126863,0.6486533147927779,78.9,0.613731637974476
0.2,pomdp,43,1.77,1.8915093787552708,0.48662072681701185,0.6484907327784106,89.7025,0.6161167315861309
0.2,pomdp,44,1.5875,1.7424598073808846,0.48204035556155234,0.6440654037875286,86.455,0.6116603941423334
0.2,pomdp,45,1.67,1.821665983700829,0.49350512536004953,0.6350977020640074,92.06,0.6067791867232158
0.2,pomdp,46,1.74,1.8979395279898852,0.475821491939636,0.6476852405312292,84.0175,0.6133124908129106
0.2,pomdp,47,1.805,1.8835366258617399,0.47609410551601455,0.6408288809511895,81.1025,0.6078819258641545
0.2,pomdp,48,1.7625,1.9273091035211198,0.4791457003361331,0.6188386954468208,87.91,0.5909000964246833
0.2,pomdp,49,1.79,1.957411275613793,0.4775423484210529,0.6143036919516116,83.605,0.5869514232454999
0.2,pomdp,50,1.6775,1.8175143429074745,0.47852262979112514,0.6444049619049594,90.0125,0.6112284954821926
0.3,bandit,1,1.9675,1.9298376717723187,0.35811256675430975,0.4615055567279831,65.2375,0.4304876597358811
0.3,bandit,2,2.0075,1.9537991325473845,0.35130139550179296,0.449664782891535,59.685,0.4201557666746123
0.3,bandit,3,1.985,1.943299450208733,0.3442983292352257,0.44124627728322297,54.9725,0.4121618928688238
0.3,bandit,4,1.9175,1.885228537927719,0.37758605229176523,0.4817467899636878,60.0325,0.45049856866211113
0.3,bandit,5,1.9825,1.9279808317375116,0.39273554718412457,0.5003300026299633,65.9775,0.4680516659962116
0.3,bandit,6,1.8875,1.876311063078023,0.37336191467474933,0.4848483125970813,65.15,0.45140239322038167
0.3,bandit,7,1.9875,1.928658785097289,0.3460055376641543,0.4600024585577658,61.4575,0.4258033822896823
0.3,bandit,8,1.9725,1.9812000772180403,0.3708212602427661,0.4690881554600728,70.5875,0.43960808689488073
0.3,bandit,9,1.94,1.932009287541823,0.36975726937684805,0.45820695069560424,65.79,0.43167204629997735
0.3,bandit,10,2.0225,2.0025266593805977,0.3400664774583848,0.44537754963938697,54.27,0.41378422798508635
0.3,bandit,11,1.9225,1.8917844419609038,0.3526629012245693,0.47111791138203857,60.6525,0.4355814083347977
0.3,bandit,12,1.825,1.8551725806528712,0.35233938429094563,0.4565773227022411,59.43,0.42530594117885245
0.3,bandit,13,1.9725,1.9307606853847574,0.38030359775408856,0.47927831830019557,64.375,0.4495859021363634
0.3,bandit,14,1.97,1.9488654155840726,0.35474940777615516,0.4475371114327827,58.57,0.4197008003357945
0.3,bandit,15,1.9375,1.8904583756749629,0.3641779778551838,0.463634819551149,62.945,0.4337977670423594
0.3,bandit,16,2.0,1.965186228428331,0.3590334664792425,0.474492203537913,58.0925,0.43985458242031183
0.3,bandit,17,2.0125,1.9644076505788473,0.3462685150947343,0.45189781557120307,58.645,0.42020902542826233
0.3,bandit,18,1.9575,1.9648130398824404,0.3518236856102637,0.4465251330079941,62.0975,0.41811469878867497
0.3,bandit,19,1.935,1.8754763157168393,0.36276858126827977,0.48416867208816083,63.5575,0.44774864484219656
0.3,bandit,20,1.955,1.9096310664557916,0.3605509087464054,0.4816137137343092,66.41,0.44529487223793807
0.3,bandit,21,1.9125,1.8683579821160594,0.37004076288697996,0.46717179148014737,62.845,0.43803248290219715
0.3,bandit,22,2.005,1.9773965495588346,0.33460646194996957,0.45601946804940363,58.9825,0.41959556621957333
0.3,bandit,23,1.8425,1.8155894458959962,0.3873227671596652,0.49391064287809017,59.0475,0.4619342801625626
0.3,bandit,24,2.0125,1.9728442694534218,0.3436426368696768,0.45787464845475356,59.4875,0.42360504497923046
0.3,bandit,25,1.9275,1.9345812598174188,0.35768682590698164,0.44424396186867443,61.88,0.4182768210801666
0.3,bandit,26,1.9,1.8721474166610796,0.3774241503828108,0.47859704754954974,71.01,0.44824517839952804
0.3,bandit,27,1.88,1.8846767996567575,0.3511252610240239,0.47356798820107115,56.665,0.43683517004795697
0.3,bandit,28,2.01,1.9989513322662609,0.3679079905650761,0.46407197342983614,62.8875,0.43522277857040814
0.3,bandit,29,2.005,1.9878042545478476,0.3633947615552491,0.44864583468064295,62.515,0.4230705127430248
0.3,bandit,30,1.91,1.8481347046914487,0.39021790206864265,0.4930816139320602,63.065,0.462222500373035
0.3,bandit,31,2.01,1.94112591394067,0.3550546729551918,0.46565430090480786,64.6325,0.43247441251992297
0.3,bandit,32,1.9225,1.8979253493334098,0.3470225595708202,0.463699634424616,59.045,0.42869651196847725
0.3,bandit,33,1.9375,1.8949112798788406,0.3670941833612747,0.4783770965781666,66.865,0.4449922226130991
0.3,bandit,34,1.96,1.8774653467440572,0.36058501240619706,0.465867456617479,63.21,0.43428272335409446
0.3,bandit,35,1.98,1.9373070555153244,0.36606131544319553,0.4705607997185394,61.5925,0.4392109544359362
0.3,bandit,36,1.9325,1.9133376607288364,0.34712379440555563,0.4577986346337967,56.6525,0.4245961825653244
0.3,bandit,37,1.9775,1.9557734531380748,0.38652281690773493,0.48205337307050056,65.6475,0.4533942062216708
0.3,bandit,38,1.995,1.9802021016451763,0.3477995300156826,0.4717286868104299,63.275,0.43454993977200573
0.3,bandit,39,1.9325,1.929641749505991,0.36643206529912187,0.456882994682327,62.0725,0.4297477158673655
0.3,bandit,40,1.88,1.8301201352497285,0.3668393167881602,0.49801252175612265,62.6825,0.4586605602657339
0.3,bandit,41,1.995,1.975369790952937,0.3476387630791582,0.43109242099798123,54.0925,0.40605632362233435
0.3,bandit,42,2.0475,2.001139114789374,0.36327232782475777,0.45574494113263314,63.81,0.4280031571402705
0.3,bandit,43,2.0025,1.9520177854124352,0.3672074862138488,0.4771069799716635,64.42,0.4441371318443191
0.3,bandit,44,1.8925,1.8239086370951911,0.38389258310017765,0.5005818717267594,68.725,0.46557508513878487
0.3,bandit,45,2.03,2.0155751698344306,0.35454346318372465,0.43290893232840433,57.9325,0.4093992915850004
0.3,bandit,46,2.0275,2.008301761940187,0.3642478955780415,0.4637733785799489,64.625,0.4339157336793767
0.3,bandit,47,1.94,1.927365540460123,0.3835382964397944,0.48147894255370166,60.0075,0.45209674871952954
0.3,bandit,48,1.8875,1.904189416546766,0.36671878561881427,0.488713809958998,64.49,0.4521153026569428
0.3,bandit,49,1.99,1.9920674136125291,0.34107212275986526,0.4280054128306477,57.66,0.401925425809413
0.3,bandit,50,1.9075,1.853807869943555,0.38560169076672646,0.466600425518578,70.3875,0.4423008050930225
0.3,pomdp,1,1.7875,1.9071274260492805,0.5092226716241511,0.6637954590124486,99.085,0.6174236227959594
0.3,pomdp,2,1.7075,1.8126517662271038,0.4967205315124892,0.646088105343247,89.715,0.6012778331940197
0.3,pomdp,3,1.655,1.7697946386359553,0.49232252483570504,0.6536076584218002,86.05,0.6052221183459718
0.3,pomdp,4,1.77,1.9005494543594352,0.4952774943192648,0.6409158639435232,91.38,0.5972243530562457
0.3,pomdp,5,1.755,1.8419251595051798,0.47993134972367024,0.6334068678936579,81.7025,0.5873642124426616
0.3,pomdp,6,1.715,1.787500088936782,0.47827086764121746,0.639675714441717,81.98,0.5912542604015671
0.3,pomdp,7,1.715,1.8307991977374491,0.5065881569859515,0.6590584766380733,89.2175,0.6133173807424366
0.3,pomdp,8,1.71,1.8323707297694458,0.4949966169892815,0.6480407881764901,96.2325,0.6021275368203275
0.3,pomdp,9,1.705,1.8837802013375187,0.4890676610729362,0.6374939006837352,87.7275,0.5929660288004954
0.3,pomdp,10,1.7075,1.8377931273631045,0.4846950355530632,0.6411322185134912,87.5175,0.5942010636253628
0.3,pomdp,11,1.7575,1.879631691046016,0.47316817554763047,0.6241744802563001,82.185,0.5788725888436992
0.3,pomdp,12,1.6275,1.793818171354038,0.49262397604340896,0.6358057511334834,89.94,0.592851218606461
0.3,pomdp,13,1.6825,1.8139720550070404,0.4964367648856557,0.6630336082086015,94.6425,0.6130545552117178
0.3,pomdp,14,1.6375,1.8292345361139906,0.504761966778487,0.6475285687744338,89.2975,0.6046985881756496
0.3,pomdp,15,1.76,1.87063689749805,0.48907165214382997,0.6396977795903696,92.5625,0.5945099413564077
0.3,pomdp,16,1.645,1.7980020504620444,0.483733119795798,0.6471603149476737,94.0,0.5981321564021109
0.3,pomdp,17,1.8075,1.9256170428032005,0.4813780466825598,0.6554073628638463,88.22,0.6031985680094604
0.3,pomdp,18,1.6875,1.800159603952405,0.48587915147569005,0.6331120600733801,85.2175,0.588942187494073
0.3,pomdp,19,1.7025,1.8280373689839422,0.4891053005666833,0.6464148662390159,88.4925,0.599221996537316
0.3,pomdp,20,1.74,1.8414452580734086,0.49752179440441224,0.6584887515746448,97.675,0.6101986644235748
0.3,pomdp,21,1.8625,2.0271643227819838,0.4895388589761265,0.6360960292987589,93.1075,0.5921288782019691
0.3,pomdp,22,1.6325,1.7659706397846782,0.4774235716703394,0.6522716745978476,84.5925,0.5998172437195952
0.3,pomdp,23,1.6725,1.789251045055387,0.48339564357062875,0.6498266667442604,86.22,0.599897359792171
0.3,pomdp,24,1.7775,1.9137504560400698,0.48302737135708007,0.6342756257817004,87.5775,0.5889011494543144
0.3,pomdp,25,1.7075,1.8143060791046202,0.4951003623120795,0.6465798964418429,86.9675,0.6011360362029139
0.3,pomdp,26,1.64,1.7547912012784315,0.4775987060060679,0.6543080360577624,90.835,0.6012952370422541
0.3,pomdp,27,1.7775,1.9168772020244245,0.4811003968517744,0.6215034822618944,77.43,0.5793825566388585
0.3,pomdp,28,1.7475,1.8401118851554918,0.4898996815821232,0.6352587908739836,85.69,0.5916510580864255
0.3,pomdp,29,1.705,1.7983716438044366,0.4909214070319294,0.6358410987082657,87.74,0.5923651912053649
0.3,pomdp,30,1.78,1.8766470839481786,0.4799387263089286,0.6466187903751852,86.4975,0.5966147711553081
0.3,pomdp,31,1.8375,1.957042681125071,0.4838298034851934,0.6308371500752407,89.41,0.5867349460982265
0.3,pomdp,32,1.7775,1.8765945454757575,0.4946762788946002,0.6346931547158706,90.2275,0.5926880919694895
0.3,pomdp,33,1.7425,1.8710405150665594,0.4737192716746837,0.6343150431764366,82.2025,0.5861363117259109
0.3,pomdp,34,1.6525,1.7795498562044174,0.4626967894352989,0.6255268180869621,79.1775,0.5766778094914631
0.3,pomdp,35,1.73,1.8609605984557611,0.48363933716664953,0.6857336191180908,88.805,0.6251053345326585
0.3,pomdp,36,1.7175,1.885701950810058,0.4795600819006758,0.6342105703010953,85.1325,0.5878154237809694
0.3,pomdp,37,1.6475,1.7659445636405413,0.4789465282388628,0.6148809439990868,83.84,0.5741006192710196
0.3,pomdp,38,1.63,1.755092966551001,0.48551938699068564,0.6512921168307332,84.7975,0.6015602978787188
0.3,pomdp,39,1.6725,1.8044373868771553,0.5089326858267911,0.6524113790765773,96.785,0.6093677711016414
0.3,pomdp,40,1.715,1.8595115537849918,0.47980301865784036,0.6489796004645527,90.2125,0.598226625922539
0.3,pomdp,41,1.785,1.9329689721547145,0.4725407029338032,0.6241281684996767,76.6975,0.5786519288299146
0.3,pomdp,42,1.7925,1.8782458846843195,0.48022745935282446,0.6459571918205633,86.995,0.5962382720802417
0.3,pomdp,43,1.775,1.915517448999263,0.4778267265088559,0.6060269443214126,83.4925,0.5675668789776457
0.3,pomdp,44,1.7175,1.816664968855626,0.4931360224225948,0.6483348705428473,92.3125,0.6017752161067714
0.3,pomdp,45,1.67,1.784311360999905,0.47068558999447235,0.6203384515714443,78.8575,0.5754425930983527
0.3,pomdp,46,1.6675,1.771311618368291,0.48875860358158546,0.6375405136179936,86.7325,0.592905940607071
0.3,pomdp,47,1.6475,1.7925599206122942,0.4925332670420244,0.6507206272467468,98.5475,0.60326441918533
0.3,pomdp,48,1.7525,1.8633439949382793,0.4830698013556852,0.6375602013008763,96.3975,0.591213081317319
0.3,pomdp,49,1.755,1.8683959889666664,0.4907708642412489,0.6562980147445284,92.63,0.6066398695935444
0.3,pomdp,50,1.7075,1.8563372311052477,0.4753103737764465,0.6226435261897982,83.8225,0.5784435804657927
0.4,bandit,1,2.12,2.092557126109786,0.3333984768353277,0.41587144994043185,54.8625,0.38288226069839015
0.4,bandit,2,1.845,1.829435018511638,0.3736871977154174,0.46703625241602836,66.4675,0.429696630535784
0.4,bandit,3,1.9775,1.8942701529079033,0.3814531514197608,0.4951456739822712,67.74,0.44966866495726704
0.4,bandit,4,1.9325,1.873510268255556,0.3636443529138125,0.47416648132918193,63.8325,0.4299576299630341
0.4,bandit,5,1.9625,1.9301564257989734,0.35926333839966956,0.4753893795920153,56.62,0.428938963115077
0.4,bandit,6,1.9875,1.9309897518655987,0.36484944788199924,0.4757994209161934,62.2375,0.43141943170251573
0.4,bandit,7,1.96,1.900576146327773,0.3748062173065613,0.4760947533040054,63.5125,0.43557933890502776
0.4,bandit,8,2.015,1.9898133487263072,0.34699418605844934,0.45243510356082794,59.1,0.41025873655987655
0.4,bandit,9,1.9,1.863819185814799,0.3559600823063954,0.46736474922484134,57.59,0.4228028824574629
0.4,bandit,10,1.9175,1.8627932548491293,0.36835037561804784,0.4896871598469442,60.325,0.4411524461553856
0.4,bandit,11,2.0375,2.0209684576195475,0.34793229585339885,0.4419098784464394,60.115,0.4043188454092232
0.4,bandit,12,1.88,1.8498029386575348,0.3772739185368519,0.48999626681280295,67.955,0.44490732750242257
0.4,bandit,13,1.995,1.9923086208160838,0.3526769478916482,0.4516826195563833,57.4375,0.4120803508904892
0.4,bandit,14,2.0075,1.957172750266257,0.3521207985613394,0.4515360468052039,57.15,0.41176994750765816
0.4,bandit,15,2.0025,2.006039499984386,0.3464586729264021,0.46041445425638594,61.7875,0.4148321417243923
0.4,bandit,16,2.055,2.0089031828000965,0.33494651938209913,0.44380320016473457,56.4875,0.4002605278516803
0.4,bandit,17,1.995,1.9535078186342212,0.3501025556877029,0.4621346070427657,61.8825,0.4173217865007405
0.4,bandit,18,1.9225,1.8703066265711648,0.3713517000251166,0.4858619475733967,61.255,0.44005784855408464
0.4,bandit,19,2.0675,2.028820456736879,0.3553513668628362,0.445297314576236,63.755,0.40931893549087606
0.4,bandit,20,2.0575,2.0187777909276248,0.33085682779183045,0.43559297196656055,54.7375,0.3936985142966685
0.4,bandit,21,2.0575,1.9804149210451663,0.3353269925909632,0.4520900665369992,60.925,0.40538483695858474
0.4,bandit,22,2.0225,1.9490091377337562,0.3573163416894852,0.44608315637961593,61.8575,0.4105764305035636
0.4,bandit,23,1.97,1.9479450765895518,0.34449259506146335,0.42642069984460507,59.79,0.39364945793134837
0.4,bandit,24,1.9275,1.9228722856784066,0.3707088040974251,0.4683847882595532,62.3975,0.429314394594702
0.4,bandit,25,2.06,1.98370599138101,0.3522764157048948,0.45586817777205463,57.705,0.41443147294519067
0.4,bandit,26,1.925,1.8793583007334853,0.36479872816841735,0.48502340769159774,64.205,0.43693353588232553
0.4,bandit,27,2.075,1.9999027461880874,0.37453392297662225,0.46095500124967925,69.1125,0.4263865699404564
0.4,bandit,28,1.9775,1.9462710518419915,0.3715343355799476,0.4786738355121877,60.4275,0.4358180355392916
0.4,bandit,29,1.9925,1.9183843621325851,0.361421241032528,0.4691935544390102,66.8625,0.4260846290764173
0.4,bandit,30,2.105,2.0742953382061473,0.3534074230242069,0.4274999575199493,57.0525,0.3978629437216524
0.4,bandit,31,1.9875,1.9404283570401668,0.36155058317643524,0.47952705294315906,68.4425,0.4323364650364695
0.4,bandit,32,1.9075,1.8279048195653274,0.36349435361960647,0.4969631458233848,58.2025,0.4435756289418735
0.4,bandit,33,2.0025,1.981808016714184,0.34639764641582105,0.44540163110737924,50.8475,0.4058000372307559
0.4,bandit,34,1.9725,1.9225520839417276,0.3557259063505432,0.45782923775809453,64.4925,0.416987905195074
0.4,bandit,35,1.8275,1.7737122660179698,0.3850419813491779,0.5148322294938424,65.0675,0.4629161302359766
0.4,bandit,36,1.975,1.9442246601304343,0.3562006972425806,0.4533883459905209,56.0975,0.41451328649134483
0.4,bandit,37,1.86,1.801754144672547,0.3945203524442054,0.5088454110665162,71.6125,0.4631153876175918
0.4,bandit,38,1.985,1.9543466672325536,0.36958028866323767,0.4708852238274956,60.68,0.43036324976179235
0.4,bandit,39,2.025,1.9672376507717937,0.364984004550538,0.45966009486622417,63.4175,0.42178965873994967
0.4,bandit,40,1.865,1.8629769896642687,0.3541509365660053,0.46932080190607317,61.155,0.42325285577004607
0.4,bandit,41,1.9125,1.8594946601323892,0.38386437832304365,0.509129837867248,67.88,0.45902365404956624
0.4,bandit,42,1.9275,1.8485559747107174,0.3753500388424396,0.4863857089176557,63.2025,0.4419714408875693
0.4,bandit,43,2.015,1.9325347972029483,0.37280119608700063,0.46662846021750554,67.1075,0.42909755456530346
0.4,bandit,44,2.035,2.007064540929737,0.3662070721534832,0.4421797807221989,60.5525,0.4117906972947125
0.4,bandit,45,1.9725,1.8890977542240177,0.3778310097778559,0.4836988941183891,69.53,0.4413517403821758
0.4,bandit,46,1.9425,1.8681252680488278,0.3598168831703872,0.4898404767565138,64.31,0.4378310393220632
0.4,bandit,47,2.145,2.115045958515874,0.3483319295831123,0.4241455024170633,58.48,0.3938200732834829
0.4,bandit,48,2.0475,2.029596759621673,0.34028074297250227,0.4202010164687817,57.67,0.3882329070702699
0.4,bandit,49,1.955,1.977976814177211,0.3547506326017236,0.4521499961737821,63.6,0.4131902507449587
0.4,bandit,50,1.96,1.921839246519137,0.3692669084074479,0.4758368553207202,61.2875,0.4332088765554113
0.4,pomdp,1,1.6875,1.846042363459955,0.4634950224744835,0.6095046104194256,78.745,0.5511007752414487
0.4,pomdp,2,1.7875,1.9249408644360428,0.4668485136902864,0.5862407985897267,81.2325,0.5384838846299506
0.4,pomdp,3,1.7,1.815427693613999,0.4751298282371282,0.6261096759384068,89.3225,0.5657177368578953
0.4,pomdp,4,1.7625,1.9175369012967547,0.4892640418590922,0.6330039219763239,83.0625,0.5755079699294312
0.4,pomdp,5,1.68,1.839093449212135,0.48536184285865047,0.6228901650435197,84.2225,0.5678788361695719
0.4,pomdp,6,1.675,1.7822473487733572,0.48474458407001,0.6285540284049467,95.4725,0.5710302506709719
0.4,pomdp,7,1.79,1.9152210810498957,0.4694755956782419,0.6094571447214028,80.18,0.5534645251041383
0.4,pomdp,8,1.805,1.9090763853786348,0.48187797840044383,0.6331343235586039,85.9875,0.5726317854953398
0.4,pomdp,9,1.67,1.8133322182877296,0.48274459589068774,0.6090909099557951,87.1125,0.5585523843297522
0.4,pomdp,10,1.7525,1.8806959261995244,0.48081328889605474,0.5901476273292292,84.055,0.5464138919559594
0.4,pomdp,11,1.76,1.8786884983706529,0.46603268023199407,0.6238085684578837,78.54,0.5606982131675278
0.4,pomdp,12,1.765,1.913174502782121,0.47682387355295885,0.6000506986809009,77.5675,0.550759968629724
0.4,pomdp,13,1.765,1.897815429361641,0.47928114510106434,0.6124074223253088,80.3125,0.5591569114356109
0.4,pomdp,14,1.785,1.9232138363863407,0.471830313843121,0.5820058304857918,74.8975,0.5379356238287234
0.4,pomdp,15,1.78,1.9287203432892475,0.4641197257007139,0.5678398264641196,67.2,0.5263517861587572
0.4,pomdp,16,1.825,1.929438350107278,0.47230006532387186,0.6175270047035468,84.21,0.5594362289516768
0.4,pomdp,17,1.7025,1.8672173902650837,0.4805185249674297,0.5758501820582693,79.825,0.5377175192219334
0.4,pomdp,18,1.8,1.9435129819239396,0.49099679005991353,0.6021777161934492,80.57,0.5577053457400349
0.4,pomdp,19,1.7675,1.872555925115543,0.47447705706070614,0.6182268701495824,84.7025,0.560726944914032
0.4,pomdp,20,1.7,1.8839707912496844,0.4974696095089816,0.6319995531680237,91.9075,0.5781875757044068
0.4,pomdp,21,1.75,1.865398996808256,0.49510066850477735,0.6148216532301367,90.61,0.5669332593399931
0.4,pomdp,22,1.7525,1.8644749151073068,0.4836157695903128,0.5935469743287707,86.2175,0.5495744924333876
0.4,pomdp,23,1.795,1.904303093649541,0.48510467023606524,0.5959149166214226,81.0475,0.5515908180672795
0.4,pomdp,24,1.8625,1.9990821991251837,0.4698069879033002,0.5890101507439734,81.3325,0.5413288856077041
0.4,pomdp,25,1.7225,1.7984799349250988,0.472723618922922,0.5857247477882841,82.735,0.5405242962421393
0.4,pomdp,26,1.77,1.909807940482015,0.47926116967444615,0.6348476562122315,81.3325,0.5726130615971173
0.4,pomdp,27,1.7075,1.8180305922397333,0.5000367805839248,0.6301100089461884,88.605,0.5780807176012829
0.4,pomdp,28,1.6675,1.811552266282552,0.4942899363952909,0.6244661077232724,90.2275,0.5723956391920797
0.4,pomdp,29,1.735,1.8684721684274248,0.46116005572457325,0.6028439709288516,79.725,0.5461704048471403
0.4,pomdp,30,1.765,1.9373334865424432,0.4785358966232994,0.6052570747083049,82.375,0.5545686034743027
0.4,pomdp,31,1.845,2.0037596086109852,0.47697912321047975,0.6084369427588855,89.1325,0.5558538149395232
0.4,pomdp,32,1.805,1.9487432988846132,0.49142858581666077,0.6384965376660158,90.5625,0.5796693569262737
0.4,pomdp,33,1.6725,1.7797578086741788,0.475091091351882,0.6274111762186816,86.38,0.5664831422719617
0.4,pomdp,34,1.8025,1.9204426926155458,0.48652007037528194,0.5958250263030477,85.215,0.5521030439319413
0.4,pomdp,35,1.695,1.8543546096909094,0.4870520976329651,0.6214057562663523,90.375,0.5676642928129974
0.4,pomdp,36,1.7375,1.8515903194620882,0.48085991964220115,0.6190425356351039,87.365,0.5637694892379428
0.4,pomdp,37,1.7825,1.916308599845209,0.4952831804713111,0.6166501501271102,82.7725,0.5681033622647905
0.4,pomdp,38,1.82,1.992660921321705,0.4850957968631051,0.6181662528194946,91.5525,0.5649380704369388
0.4,pomdp,39,1.7325,1.832111180883217,0.5010349191479234,0.6250906085053399,91.935,0.5754683327623733
0.4,pomdp,40,1.6825,1.7691246710067068,0.4725721725221527,0.6218228745510701,82.5475,0.5621225937395032
0.4,pomdp,41,1.8,1.9055333922966087,0.45502274489509714,0.616007644528584,85.615,0.5516136846751892
0.4,pomdp,42,1.8475,1.9595511957722727,0.47620123911825457,0.6342414011597017,90.6325,0.5710253363431228
0.4,pomdp,43,1.6925,1.7884903759647777,0.49318944344806953,0.6172304447394076,90.37,0.5676140442228723
0.4,pomdp,44,1.7475,1.8922056743356195,0.45880443210948507,0.6074738905374382,79.3625,0.5480061071662569
0.4,pomdp,45,1.7525,1.864872087126892,0.4998121161905388,0.6337962936196537,91.305,0.5802026226480078
0.4,pomdp,46,1.715,1.8561383895069559,0.47091031490840407,0.600489851944054,77.3625,0.548658037129794
0.4,pomdp,47,1.8375,1.9617739995978292,0.48559872309142127,0.6316759126750906,85.985,0.5732450368416229
0.4,pomdp,48,1.7625,1.87014754290984,0.4513144186716906,0.6067932960417562,81.715,0.5446017450937299
0.4,pomdp,49,1.6825,1.8464400576317004,0.4881147186959434,0.6288806559546071,83.4525,0.5725742810511416
0.4,pomdp,50,1.7775,1.8652898869081154,0.4965655020777636,0.6204006428444233,90.655,0.5708665865377595
0.5,bandit,1,1.985,1.9396049408353684,0.37184562933878096,0.4655286801563339,63.48,0.41868715474755747
0.5,bandit,2,1.94,1.8967124951134104,0.35745563569282324,0.46697791662892824,64.03,0.41221677616087576
0.5,bandit,3,1.96,1.944832916872279,0.36579733713188134,0.4834383747871692,65.4975,0.4246178559595252
0.5,bandit,4,1.925,1.88292607098779,0.3805400600128058,0.4802952867604429,64.4275,0.4304176733866244
0.5,bandit,5,2.0025,1.9607477293608069,0.3753505059565493,0.47570975561074325,65.715,0.42553013078364627
0.5,bandit,6,1.965,1.9129225779106585,0.3836866187549296,0.48636348667644996,69.4725,0.4350250527156898
0.5,bandit,7,1.9575,1.8858227468443745,0.37887141129757085,0.4949686179433989,69.85,0.4369200146204848
0.5,bandit,8,1.975,1.9269861649604099,0.3548619741897713,0.4423742600021989,58.4675,0.3986181170959851
0.5,bandit,9,1.9,1.8950079474906252,0.37806768043594197,0.48301241860960553,59.4525,0.43054004952277375
0.5,bandit,10,1.9625,1.9855238307807026,0.3533375448767368,0.44045214120047815,59.81,0.3968948430386075
0.5,bandit,11,1.9725,1.9272962958501545,0.37782443616484185,0.48644797240016824,70.7025,0.432136204282505
0.5,bandit,12,2.015,2.0181616364719757,0.34747886357286506,0.4488396056594779,64.395,0.3981592346161715
0.5,bandit,13,1.9125,1.8624755777104485,0.36713754689327854,0.4862773665212643,61.5325,0.4267074567072715
0.5,bandit,14,2.025,1.964584257976681,0.35162677122259894,0.44925621256660164,59.72,0.40044149189460027
0.5,bandit,15,2.0525,2.036327965583509,0.3521526964706522,0.4356505698893973,65.465,0.3939016331800248
0.5,bandit,16,1.885,1.871445464717778,0.36897148383344125,0.47352613828852796,62.535,0.42124881106098455
0.5,bandit,17,2.05,2.0176154571926674,0.36493580334382464,0.45868634253416035,56.85,0.41181107293899244
0.5,bandit,18,1.985,1.9824264490794343,0.3521971777833341,0.43743872539281525,52.87,0.3948179515880747
0.5,bandit,19,2.035,1.9749505420619837,0.36096749361548086,0.4346733593368613,59.7525,0.3978204264761711
0.5,bandit,20,1.995,1.9473270307092918,0.35717954061026014,0.47467703765487246,63.3375,0.4159282891325663
0.5,bandit,21,2.0,1.973368363805144,0.351508986216093,0.43922770169269243,57.275,0.3953683439543927
0.5,bandit,22,1.9375,1.8979374975442351,0.3850817729218737,0.47618948524169935,68.99,0.43063562908178654
0.5,bandit,23,2.035,2.0133974358835003,0.3591850143873032,0.4625621770630961,59.3975,0.4108735957251997
0.5,bandit,24,1.9025,1.8522927500495254,0.3777359330348529,0.4888365373343771,63.24,0.43328623518461495
0.5,bandit,25,1.98,1.9736772600167043,0.35406936518849763,0.4639239828382148,63.825,0.4089966740133562
0.5,bandit,26,1.9375,1.8805852132800387,0.3562583260095552,0.4741625025544437,71.7,0.41521041428199945
0.5,bandit,27,1.97,1.996044200857317,0.34959148435675585,0.44102421045770884,58.35,0.39530784740723235
0.5,bandit,28,1.9275,1.8564191165232193,0.34909559091875964,0.4645159328542693,56.5475,0.4068057618865144
0.5,bandit,29,1.915,1.9249119384683087,0.392876544912756,0.47721433859667056,70.3675,0.4350454417547132
0.5,bandit,30,1.955,1.953220955889189,0.33688495719220796,0.4493310030333144,51.45,0.39310798011276127
0.5,bandit,31,1.9475,1.8965859572947676,0.3622946313985605,0.4836883505700092,60.215,0.42299149098428473
0.5,bandit,32,1.955,1.9152343402378995,0.36876217437711845,0.4699481740727717,61.99,0.41935517422494506
0.5,bandit,33,1.9525,1.9330333432793705,0.36470645799764384,0.4776952270381652,65.1325,0.42120084251790446
0.5,bandit,34,1.93,1.9339404151874335,0.36064477953982177,0.4841317543372392,60.6675,0.42238826693853054
0.5,bandit,35,1.9425,1.9116026032429325,0.3721566299598993,0.48392922478216305,71.15,0.42804292737103117
0.5,bandit,36,1.96,1.9571864708913405,0.3521828815270575,0.46038809406503445,65.1975,0.406285487796046
0.5,bandit,37,1.94,1.9043049916994728,0.3629862099543548,0.47128075219624366,64.135,0.41713348107529924
0.5,bandit,38,1.935,1.9047091795873632,0.3846789536178213,0.48125826909694924,65.975,0.43296861135738524
0.5,bandit,39,1.955,1.9300457903504553,0.3739086603428703,0.4744753703813217,63.0225,0.424192015362096
0.5,bandit,40,2.115,2.088534481579033,0.3464946092275371,0.42775126385723533,54.6775,0.3871229365423862
0.5,bandit,41,2.0575,2.0163491732426233,0.35195009150640644,0.45914890024995697,62.18,0.40554949587818173
0.5,bandit,42,1.9425,1.9545428057266097,0.35724065549686634,0.45555171608017814,59.605,0.4063961857885222
0.5,bandit,43,1.955,1.9097343560326094,0.3714389343139258,0.4777552795092129,58.48,0.4245971069115694
0.5,bandit,44,1.9175,1.8739818850080072,0.35812725600210077,0.4831803374134404,61.09,0.42065379670777064
0.5,bandit,45,1.99,1.9941831915411057,0.3592637787512553,0.4393056551897634,62.5875,0.3992847169705094
0.5,bandit,46,2.045,1.9770432294639346,0.3502970830369447,0.45984832638472656,62.85,0.40507270471083556
0.5,bandit,47,2.0,1.9371574520009642,0.37088736671924216,0.4693816570077669,59.55,0.42013451186350453
0.5,bandit,48,1.9825,1.9211609359737043,0.3688552067825164,0.4777480814695841,63.5175,0.4233016441260502
0.5,bandit,49,2.05,1.9548413731310772,0.36707957127485585,0.4842397004782768,69.92,0.4256596358765663
0.5,bandit,50,2.0325,2.0035297377978436,0.37794468243764257,0.45950498228596515,66.025,0.41872483236180386
0.5,pomdp,1,1.6475,1.7988604898005787,0.49021789987754166,0.6375133473483063,96.27,0.563865623612924
0.5,pomdp,2,1.77,1.8863388866502313,0.4630406621324139,0.6059394395600773,83.6,0.5344900508462456
0.5,pomdp,3,1.715,1.8775134506392528,0.4758742306589401,0.5793316774594676,83.5075,0.5276029540592038
0.5,pomdp,4,1.7325,1.8521673519303774,0.4837150612091874,0.6206221758449515,93.09,0.5521686185270694
0.5,pomdp,5,1.77,1.85456110047973,0.4941989501982896,0.6290497425364354,84.335,0.5616243463673625
0.5,pomdp,6,1.825,1.9556404912965997,0.4774521140049846,0.6066651816939465,83.42,0.5420586478494656
0.5,pomdp,7,1.735,1.8406982099546636,0.49480876490879067,0.6154144425962302,89.5675,0.5551116037525105
0.5,pomdp,8,1.7125,1.8331801489543817,0.46963652140039974,0.6242571341882478,85.82,0.5469468277943238
0.5,pomdp,9,1.7875,1.8951433332391732,0.4643504734036243,0.6113815034230103,82.605,0.5378659884133173
0.5,pomdp,10,1.765,1.8551881751536783,0.4788304634631108,0.5853475581380047,83.9625,0.5320890108005577
0.5,pomdp,11,1.6675,1.8750098518636449,0.47978458963356085,0.6068664415004095,89.685,0.5433255155669852
0.5,pomdp,12,1.7675,1.8697333317754505,0.4848129593070937,0.6318973685411399,83.165,0.5583551639241169
0.5,pomdp,13,1.865,1.9723643821074737,0.47058754725054514,0.5867217422057733,76.0975,0.5286546447281593
0.5,pomdp,14,1.79,1.8940227484486802,0.4874181567785527,0.5991438105861309,83.7975,0.5432809836823418
0.5,pomdp,15,1.785,1.9179009958803224,0.4762666000599131,0.5854257148012451,81.47,0.5308461574305791
0.5,pomdp,16,1.8525,2.0340521166248555,0.4936934394621961,0.5901794362872614,78.4575,0.5419364378747288
0.5,pomdp,17,1.7125,1.8219387531604962,0.48562821764235026,0.605747179838677,84.5475,0.5456876987405136
0.5,pomdp,18,1.775,1.8745020548283384,0.4831108562262644,0.6189478810404522,84.6725,0.5510293686333583
0.5,pomdp,19,1.7875,1.940200193206016,0.5025177062251808,0.5849366483949133,80.285,0.5437271773100469
0.5,pomdp,20,1.715,1.8253003055899004,0.5001085463218117,0.6206171003417364,93.035,0.560362823331774
0.5,pomdp,21,1.8,1.9167093331936753,0.47099459326604004,0.5958429008099709,76.83,0.5334187470380055
0.5,pomdp,22,1.785,1.8992987511006856,0.47686417857048835,0.5931533453367348,75.1475,0.5350087619536116
0.5,pomdp,23,1.84,1.9705932734702776,0.4654275124937697,0.5924740663454297,81.915,0.5289507894195996
0.5,pomdp,24,1.7275,1.8003749043075539,0.47877735503015556,0.5928044533016781,76.7625,0.5357909041659168
0.5,pomdp,25,1.745,1.8351628922837795,0.48592117217524566,0.6076905095514319,86.89,0.5468058408633388
0.5,pomdp,26,1.7575,1.8794242434113395,0.504006854073672,0.648753783814286,91.33,0.5763803189439789
0.5,pomdp,27,1.6925,1.7998889447366384,0.479024725019609,0.6057749407452785,83.645,0.5423998328824439
0.5,pomdp,28,1.8475,1.980007307499119,0.47225221589147487,0.6026718539577743,81.1275,0.5374620349246245
0.5,pomdp,29,1.7375,1.876117395800123,0.5068332070462354,0.6355809605541909,89.275,0.5712070838002131
0.5,pomdp,30,1.76,1.864733440656356,0.47565542742907707,0.5856437049401384,75.555,0.5306495661846078
0.5,pomdp,31,1.75,1.856037286926483,0.4780455975215316,0.6018387138776897,82.59,0.5399421556996107
0.5,pomdp,32,1.7525,1.876365150302325,0.4894028799001318,0.6182049780873853,87.4475,0.5538039289937585
0.5,pomdp,33,1.7275,1.851631548586513,0.49352325637509403,0.6311719115646652,87.37,0.5623475839698797
0.5,pomdp,34,1.8175,1.8981194595634718,0.49069322911503177,0.6284992891555986,87.22,0.5595962591353151
0.5,pomdp,35,1.8175,1.9125016185850103,0.49497603984597227,0.6310919367721634,87.825,0.5630339883090678
0.5,pomdp,36,1.7725,1.9125374995372624,0.5053228086221566,0.6367500113520156,91.5,0.5710364099870862
0.5,pomdp,37,1.8075,1.9726847494329414,0.4743907012646126,0.5890207581912238,80.235,0.5317057297279182
0.5,pomdp,38,1.9375,2.0168672312162825,0.48228119323990426,0.6258602877926427,84.02,0.5540707405162735
0.5,pomdp,39,1.7425,1.8894770444117688,0.49258171723869393,0.6329188548330641,87.5325,0.562750286035879
0.5,pomdp,40,1.81,1.9155465400961669,0.48225461867068753,0.6031018913729439,74.805,0.5426782550218158
0.5,pomdp,41,1.77,1.887465251981152,0.4934722194970441,0.6100213398181831,89.765,0.5517467796576137
0.5,pomdp,42,1.8275,1.9414487130692328,0.46030294748424566,0.6040471841665055,77.9525,0.5321750658253755
0.5,pomdp,43,1.775,1.849696251356064,0.4903605023167941,0.6110895554561091,86.3975,0.5507250288864516
0.5,pomdp,44,1.7725,1.8708015179368305,0.5007367990626167,0.6352814005544171,80.3075,0.5680090998085169
0.5,pomdp,45,1.7675,1.8652845638478377,0.4888152049237541,0.6143795718355975,85.7425,0.5515973883796758
0.5,pomdp,46,1.815,1.915305071888123,0.48119192759105067,0.5898921362600622,81.55,0.5355420319255564
0.5,pomdp,47,1.8325,1.9269037745714628,0.4865038575110733,0.620323723997477,90.68,0.5534137907542751
0.5,pomdp,48,1.7425,1.812058178327417,0.49759216902825526,0.6233337162387257,96.1075,0.5604629426334905
0.5,pomdp,49,1.8025,1.927667614797497,0.48867568795239563,0.5985168489270611,88.8025,0.5435962684397283
0.5,pomdp,50,1.895,2.023203858539884,0.4791988349677939,0.6038671472856244,78.0,0.5415329911267092
0.6,bandit,1,2.02,2.01057163164623,0.3592345248824303,0.44987394192767205,65.0275,0.3954902917005271
0.6,bandit,2,2.0675,2.0375233969113595,0.3551313458710824,0.43926135729142585,59.555,0.3887833504392198
0.6,bandit,3,1.99,1.936307281136099,0.35741783398575244,0.4532916229666109,64.14,0.3957673495780958
0.6,bandit,4,2.085,2.078754884939264,0.33868933200883544,0.4150856615799235,55.07,0.36924786383727065
0.6,bandit,5,1.955,1.9386887955109977,0.37417565235316586,0.4753304090231127,62.3525,0.4146375550211446
0.6,bandit,6,1.94,1.8941567102950594,0.35740643261815563,0.465165825052501,58.37,0.4005101895918938
0.6,bandit,7,1.9775,1.9215979579840576,0.3538933559707138,0.4522980933468547,60.2925,0.39325525092117014
0.6,bandit,8,2.025,1.983669374017071,0.3682639940346785,0.4805996743258668,64.465,0.4131982661511538
0.6,bandit,9,2.0625,2.0334591761000054,0.40652035823953186,0.4798861845077277,71.9075,0.43586668874681017
0.6,bandit,10,2.0625,2.008418514681986,0.37681344793815597,0.4602110416114037,62.3725,0.4101724854074551
0.6,bandit,11,1.995,1.9820766828730563,0.3621504557994538,0.4603346025019469,57.08,0.4014241144804511
0.6,bandit,12,2.075,2.0309873201088267,0.3677703279995294,0.44970554079243585,62.625,0.4005444131166919
0.6,bandit,13,2.0625,1.992451841879045,0.3712668193766795,0.43655523495757786,57.6075,0.3973821856090389
0.6,bandit,14,1.925,1.8939962877788445,0.36695040006395124,0.4795985792346453,64.2225,0.41200967173222885
0.6,bandit,15,1.9975,1.987039672664801,0.34746435179160656,0.4512874000888647,57.01,0.3889935711105098
0.6,bandit,16,2.0175,1.9878982596677275,0.37562140161691715,0.47873658516726353,65.1875,0.4168674750370557
0.6,bandit,17,1.9575,1.928366631115326,0.3631838835212741,0.4587161047576134,58.725,0.4013967720158098
0.6,bandit,18,2.085,2.0208731384281866,0.3731988357160961,0.4604057240608498,63.4175,0.4080815910539976
0.6,bandit,19,2.03,2.050652405058634,0.3511719234225663,0.43381323128003774,61.9,0.3842284465655549
0.6,bandit,20,2.0775,2.0620208075328947,0.3484245427730348,0.44357020126729696,54.3525,0.38648280617073966
0.6,bandit,21,2.07,2.03230800391422,0.35483922215899694,0.43686968590224895,59.465,0.38765140765629774
0.6,bandit,22,1.9175,1.9265747636619965,0.38523279607183697,0.4825160675517936,70.1,0.4241461046638196
0.6,bandit,23,2.0125,1.9723352070438853,0.3689854653139747,0.4529019414296465,61.48,0.4025520557602434
0.6,bandit,24,1.9675,1.9528690813161562,0.3576380821027143,0.4667883406905806,63.0325,0.4012981855378608
0.6,bandit,25,1.9325,1.9330789113310536,0.35158532789875707,0.43932926792573,56.065,0.3866829039095463
0.6,bandit,26,2.125,2.0664875898283537,0.35927384538425033,0.41693628749245143,57.7125,0.3823388222275308
0.6,bandit,27,1.9425,1.9025108735234688,0.3818154799847319,0.47118517502394963,66.545,0.41756335800041905
0.6,bandit,28,2.085,2.048615846249177,0.35167577688567747,0.44625837679748165,61.88,0.3895088168503992
0.6,bandit,29,2.0675,2.0261327784120184,0.36677070512460314,0.43093296513898466,63.7725,0.39243560913035574
0.6,bandit,30,2.045,2.012138055053109,0.36783172086155885,0.45995144554554357,63.18,0.40467961073515274
0.6,bandit,31,2.0375,1.9716391727666411,0.3656008118214123,0.48048442508969585,62.17,0.41155425712872573
0.6,bandit,32,2.06,2.0047820903775095,0.341156319350965,0.43771543856671136,49.3075,0.3797799670372635
0.6,bandit,33,2.0475,1.9915512291436606,0.37824110791170645,0.4686936317403642,66.47,0.41442211744316965
0.6,bandit,34,2.015,2.0025938217920105,0.34907411339719874,0.4510787880724223,61.9375,0.3898759832672882
0.6,bandit,35,1.9525,1.926730002964549,0.35862327391320326,0.46821409973132233,62.59,0.40245960424045096
0.6,bandit,36,2.135,2.086159869690459,0.3344196218761574,0.4235689338233546,52.155,0.3700793466550363
0.6,bandit,37,2.0975,2.091927299229496,0.35953926306969836,0.43397467125484696,60.0675,0.3893134263437578
0.6,bandit,38,1.975,1.9059808465778323,0.3633970561251745,0.4819405174859607,62.5375,0.410814440669489
0.6,bandit,39,2.01,1.9841972562939518,0.35125895708024446,0.4504975340854072,61.3625,0.3909543878823095
0.6,bandit,40,2.035,2.01809701053185,0.37842529685821363,0.4738781822783158,66.4,0.41660645102625443
0.6,bandit,41,1.9525,1.9236674683980033,0.3893345154119018,0.48741825187396354,68.0775,0.42856800999672656
0.6,bandit,42,1.975,1.9349281822562205,0.3815927914383972,0.4638375679076777,71.6825,0.4144907020261094
0.6,bandit,43,1.96,1.9025229721194297,0.38917388319504653,0.4841844786860661,62.35,0.4271781213914544
0.6,bandit,44,1.95,1.943024052225706,0.37246096886088703,0.4684484639665001,63.2725,0.41085596690313225
0.6,bandit,45,1.985,1.9612163593799963,0.3534285094716643,0.4782602115570741,55.2,0.40336119030582823
0.6,bandit,46,2.055,2.004909090571272,0.3667960771467132,0.47044606144534495,66.015,0.40825607086616583
0.6,bandit,47,1.99,1.941385537965192,0.36503686401493624,0.473303521497524,62.875,0.40834352700797133
0.6,bandit,48,1.965,1.934047996595547,0.3707300814124453,0.4417012035135793,55.765,0.39911853025289895
0.6,bandit,49,1.9025,1.8672334295121518,0.3887597752712306,0.48382537178053214,67.735,0.4267860138749512
0.6,bandit,50,2.035,1.9893622785348897,0.358951754034597,0.44710699144579236,52.075,0.39421384899907524
0.6,pomdp,1,1.7125,1.8765583424419268,0.5128490166025682,0.6043237886778963,80.24,0.5494389254326993
0.6,pomdp,2,1.8425,1.9354868141758896,0.5059201421494681,0.6216619503980592,87.14,0.5522168654489046
0.6,pomdp,3,1.81,1.9486556505401416,0.4978824826156715,0.6230408964397992,82.0475,0.5479458481453225
0.6,pomdp,4,1.7425,1.8964148679990682,0.48217639808871143,0.6032351858865141,74.44,0.5305999132078325
0.6,pomdp,5,1.745,1.873160192096219,0.5057156484609198,0.5839070397893478,82.7575,0.536992204992291
0.6,pomdp,6,1.7525,1.8835351567381662,0.5297363170393983,0.6338178809863557,93.14,0.5713689426181813
0.6,pomdp,7,1.855,1.9427969266065157,0.506551863347751,0.6378352409378044,87.895,0.5590652143837725
0.6,pomdp,8,1.7575,1.8745530149671072,0.5307712695615009,0.6373982231751811,87.63,0.573422051006973
0.6,pomdp,9,1.8075,1.957791364682364,0.5089177149635116,0.5891041949837517,78.71,0.5409923069716076
0.6,pomdp,10,1.885,1.9900483464659868,0.4976108201501728,0.6016994657195807,73.07,0.5392462783779359
0.6,pomdp,11,1.7825,1.9567678633224503,0.5019763872575116,0.5991918231033029,83.6,0.5408625615958281
0.6,pomdp,12,1.6775,1.8148912087181488,0.5200726453147483,0.6194612372356108,85.7525,0.5598280820830933
0.6,pomdp,13,1.8025,1.9092582768023212,0.4861321661411072,0.6271347175578187,85.28,0.5425331867077918
0.6,pomdp,14,1.65,1.8682742451460976,0.5161207827979092,0.6204059904913545,92.2125,0.5578348658752873
0.6,pomdp,15,1.8125,1.9265649225192494,0.5020636347571815,0.6087282377537495,86.1375,0.5447294759558088
0.6,pomdp,16,1.765,1.8980808667806854,0.5157525584114222,0.5947461192998776,81.3325,0.5473499827668044
0.6,pomdp,17,1.7525,1.8920101284088249,0.48834622674122774,0.6140916391067497,79.5,0.5386443916874366
0.6,pomdp,18,1.7925,1.9047321590156288,0.5066538701376756,0.617092745062984,84.1,0.550829420107799
0.6,pomdp,19,1.6675,1.8716709296204905,0.5201516648697969,0.604712748931002,77.1775,0.553976098494279
0.6,pomdp,20,1.7525,1.920397598385725,0.5145146149870149,0.6101279961674817,88.48,0.5527599674592016
0.6,pomdp,21,1.7575,1.8971918772663077,0.507587590526127,0.5834962451761182,81.0575,0.5379510523861236
0.6,pomdp,22,1.6675,1.866367942829337,0.5195337708795311,0.6057984139712528,87.6175,0.5540396281162198
0.6,pomdp,23,1.7525,1.8531634727456672,0.5094184989147746,0.6321013208211484,85.2925,0.5584916276773242
0.6,pomdp,24,1.7925,1.9390279311309313,0.5027226731838035,0.6118439817726701,78.585,0.5463711966193501
0.6,pomdp,25,1.78,1.9082329256689183,0.5061397026293382,0.6021085892063711,86.105,0.5445272572601513
0.6,pomdp,26,1.705,1.871738388845479,0.5180861167285701,0.6622035771601881,96.01,0.5757331009012172
0.6,pomdp,27,1.835,1.988606414254307,0.487160415849571,0.6103060231954841,77.74,0.5364186587879363
0.6,pomdp,28,1.735,1.8720112267346076,0.5247327061063491,0.6398853948497454,88.8975,0.5707937816037076
0.6,pomdp,29,1.81,1.9385368556788867,0.5029830960590754,0.5710173724482022,82.0125,0.5301968066147262
0.6,pomdp,30,1.81,1.9773944142490112,0.4816863991988462,0.6058138574816432,77.0325,0.531337382511965
0.6,pomdp,31,1.785,1.8987991220986489,0.5090740608383018,0.6013038312332597,82.4125,0.5459659689962849
0.6,pomdp,32,1.885,1.9835446638145964,0.527871460977288,0.631763503202119,92.735,0.5694282778672205
0.6,pomdp,33,1.8125,1.9720442038230512,0.4981050774617458,0.5952175394001185,77.8275,0.5369500622370948
0.6,pomdp,34,1.815,1.9613940067856128,0.4852669924530668,0.6295328970143061,83.24,0.5429733542775625
0.6,pomdp,35,1.8375,1.9577157511178915,0.4944618492758954,0.6009486037739393,80.8625,0.5370565510751129
0.6,pomdp,36,1.8125,1.9461496159501162,0.5204346051418551,0.6231085398267241,86.1025,0.5615041790158027
0.6,pomdp,37,1.7975,1.9540405882149998,0.5096178218091247,0.6241988444854902,86.54,0.555450230879671
0.6,pomdp,38,1.7975,1.9314233142313313,0.5070436469189294,0.6171815835225432,77.1525,0.5510988215603749
0.6,pomdp,39,1.8375,1.9525886661985856,0.5199940868689176,0.6099033956185355,89.04,0.5559578103687648
0.6,pomdp,40,1.7325,1.8992532408769514,0.5105893523270646,0.6356733187459843,90.9275,0.5606229388946324
0.6,pomdp,41,1.8525,1.9522897299343618,0.5057200717199466,0.6069890028484615,79.4375,0.5462276441713526
0.6,pomdp,42,1.9025,2.0392073186264117,0.47911326986389574,0.602608319611989,79.8425,0.5285112897631332
0.6,pomdp,43,1.895,2.016521106206775,0.5023296480092589,0.621505394379945,80.385,0.5499999465575334
0.6,pomdp,44,1.8275,2.0038930405528506,0.5135819707860727,0.6168348042390179,82.035,0.5548831041672508
0.6,pomdp,45,1.77,1.9071298920500195,0.5130508588086564,0.6005881245731921,85.5975,0.5480657651144708
0.6,pomdp,46,1.825,1.9625839573225887,0.5057059180868008,0.6093157549403314,90.525,0.547149852828213
0.6,pomdp,47,1.8475,1.968426065541949,0.5192365385235742,0.6188192362151723,84.7125,0.5590696176002136
0.6,pomdp,48,1.8125,1.9498818393252941,0.5274616818260558,0.6334264256906298,88.5075,0.5698475793718855
0.6,pomdp,49,1.7575,1.8618366171911123,0.4938288488113538,0.6174988392811456,85.8175,0.5432968449992706
0.6,pomdp,50,1.88,2.0239561502136354,0.5095711856055866,0.6104473902376057,82.5475,0.5499216674583942
0.7,bandit,1,2.0325,2.001759474122609,0.34974084815514955,0.44834960343123187,62.8075,0.3793234747379743
0.7,bandit,2,2.0975,2.06278670105337,0.3655572054937462,0.4387558320699872,53.9025,0.38751679346661855
0.7,bandit,3,2.115,2.1007343504295233,0.33913324066804906,0.403635786997502,51.2825,0.35848400456688495
0.7,bandit,4,2.035,1.9813890661014562,0.3588488724506705,0.46422547080233856,60.82,0.39046185195617084
0.7,bandit,5,2.1425,2.0212945576209225,0.3917976807415961,0.4596977858714822,61.815,0.412167712280562
0.7,bandit,6,2.095,2.045744426114327,0.36295737583269966,0.4362164594207117,65.3025,0.3849351009091032
0.7,bandit,7,2.015,1.9960871892773262,0.3537500391083431,0.4366822223488003,61.0825,0.37862969408048025
0.7,bandit,8,2.0575,1.9919019930485091,0.3576247874716941,0.44542854411037197,62.3,0.3839659144632974
0.7,bandit,9,2.1075,2.058693247193789,0.3654727981040626,0.43624401653937617,59.8475,0.38670416363465665
0.7,bandit,10,2.135,2.0819466058388163,0.3483742394999685,0.4298537627570946,55.785,0.3728180964771063
0.7,bandit,11,2.04,1.9999939301605179,0.3448804617117912,0.44145312597447584,55.5325,0.37385226099059665
0.7,bandit,12,2.0225,1.9783570558348527,0.3851866095614347,0.4677374152611542,64.345,0.4099518512713506
0.7,bandit,13,2.05,1.9666236241274697,0.3661157380885882,0.44887992548174566,60.1125,0.3909449943065354
0.7,bandit,14,2.095,2.0613448558899625,0.3678078398403917,0.43817263988535926,56.16,0.388917279853882
0.7,bandit,15,2.085,2.0534128882689373,0.3660198910601824,0.4391719290188963,63.805,0.3879655024477966
0.7,bandit,16,2.055,1.9559450457476035,0.373209765812234,0.44847135261706184,57.6625,0.39578824185368233
0.7,bandit,17,2.0075,1.9928769880571569,0.36592233626457543,0.46108975079038733,65.77,0.39447256062231895
0.7,bandit,18,2.005,1.9415776232157254,0.3727672957472182,0.441295699926645,52.3425,0.39332581700104624
0.7,bandit,19,2.0275,1.9964240316649005,0.36166635044989837,0.45316316803628276,61.9325,0.38911539572581366
0.7,bandit,20,2.0675,2.0243518544559316,0.3615142856768496,0.4478875966040677,55.57,0.38742627895501497
0.7,bandit,21,2.1275,2.07789501353444,0.36657238490670985,0.41933531106828226,53.485,0.3824012627551815
0.7,bandit,22,2.19,2.1413705663639933,0.36169098123660104,0.43135473677367836,58.795,0.3825901078977242
0.7,bandit,23,2.15,2.087313974061904,0.3640635056917992,0.4365383474702007,62.6175,0.3858059582253197
0.7,bandit,24,2.0175,1.9717671746189098,0.35228032092577066,0.4359896300821521,48.6825,0.37739311367268513
0.7,bandit,25,2.0075,1.9602880987664042,0.3501779040316052,0.4289658050377423,54.11,0.37381427433344633
0.7,bandit,26,2.03,1.9685961903839568,0.3502907487525524,0.4387856700415138,54.3375,0.3768392251392408
0.7,bandit,27,2.0475,2.00079305714401,0.3599224032795976,0.4392078691873584,56.18,0.38370804305192585
0.7,bandit,28,2.15,2.1006483924038175,0.37508853898876887,0.40542015879478027,55.32,0.3841880249305723
0.7,bandit,29,2.0525,1.9772152781892793,0.34626969832646337,0.4275182063714402,49.1325,0.37064425073995644
0.7,bandit,30,2.1025,2.093611483145372,0.37702966861742604,0.4489145985753338,66.215,0.3985951476047983
0.7,bandit,31,2.0725,2.0425385936426896,0.3796439265388706,0.4504813133220922,65.605,0.40089514257383696
0.7,bandit,32,2.1225,2.0477070473017154,0.36400500558142057,0.4308973212180603,54.3825,0.3840727002724124
0.7,bandit,33,2.0425,1.9910194718940297,0.3620523181470543,0.44017268720656033,55.3725,0.3854884288649062
0.7,bandit,34,2.0775,2.0351411307656595,0.3763000215213414,0.4537006368227031,58.7275,0.3995202061117499
0.7,bandit,35,2.1,2.0390026451143486,0.3498331541721517,0.4172041949549537,57.9575,0.37004446640699235
0.7,bandit,36,2.06,2.0240960242899866,0.36488182595860613,0.4374931645229435,54.2825,0.38666522752790733
0.7,bandit,37,2.0425,2.0223956307921744,0.35846319599491794,0.42023029256056704,56.4325,0.3769933249646126
0.7,bandit,38,2.05,1.9654395483235512,0.37764925725144693,0.44387866489768457,62.87,0.39751807954531826
0.7,bandit,39,1.985,1.9271566713373807,0.3911884637657002,0.4687639121510688,60.7375,0.4144610982813107
0.7,bandit,40,2.0725,2.0440559110728875,0.35996171490325074,0.42904472844476815,57.845,0.3806866189657059
0.7,bandit,41,2.0875,2.0817392576633513,0.3467632474934841,0.42089765146774283,55.45,0.36900356868576173
0.7,bandit,42,1.9825,1.9034481957617881,0.3880771382574187,0.4740227757256749,63.15,0.41386082949789554
0.7,bandit,43,2.1025,2.075778183233972,0.35034024876347464,0.40811788402145505,54.875,0.3676735393408687
0.7,bandit,44,2.075,1.973488679299316,0.37306627734666464,0.47446681614175973,58.125,0.40348643898519315
0.7,bandit,45,2.03,1.9831757103392256,0.35807616824938454,0.43798688920663237,52.885,0.38204938453655884
0.7,bandit,46,1.9825,1.9268447064459024,0.37468344885699767,0.45760320941403093,65.0825,0.39955937702410765
0.7,bandit,47,2.025,1.9770545507754733,0.3701429688011023,0.44324544301647206,58.555,0.3920737110657132
0.7,bandit,48,2.1275,2.075676224395923,0.3525144733703698,0.42478237699935684,53.3275,0.3741948444590659
0.7,bandit,49,2.07,2.0164917765277455,0.3879519729564462,0.45473442311485696,62.0525,0.40798670800396947
0.7,bandit,50,1.975,1.9147520218853424,0.3597736328199625,0.45195809692924427,58.275,0.38742897205274696
0.7,pomdp,1,1.8725,2.0164694054965975,0.5197510369513536,0.5366472722189002,68.835,0.5248199075316176
0.7,pomdp,2,1.895,2.0433211552440103,0.5007198277672508,0.5721209526162648,75.4975,0.522140165221955
0.7,pomdp,3,1.8825,2.0017988494457,0.5081517988671653,0.5471885325537577,71.1275,0.5198628189731431
0.7,pomdp,4,2.0025,2.1067074521327838,0.5187294973716292,0.5566553751345484,73.7875,0.5301072607005051
0.7,pomdp,5,1.9675,2.0947547093955485,0.5254971872600634,0.5945409769208978,78.0975,0.5462103241583138
0.7,pomdp,6,1.8575,2.000721781767561,0.5206200245662941,0.531627423549068,66.08,0.5239222442611262
0.7,pomdp,7,1.7625,1.9147579862053246,0.5422106157836124,0.5615079638538971,79.4825,0.5479998202046978
0.7,pomdp,8,1.88,2.011363000084556,0.49635066523140325,0.5422739052192618,70.825,0.5101276372277609
0.7,pomdp,9,1.815,1.9845597221973836,0.526518542340155,0.5662343041215612,82.3575,0.5384332708745769
0.7,pomdp,10,1.8675,1.9674847686743577,0.5024097430024065,0.5334154879307357,70.4375,0.5117114664809053
0.7,pomdp,11,1.965,2.0605967480648792,0.4999214876182061,0.5618718154285238,67.9175,0.5185065859613015
0.7,pomdp,12,1.7725,1.8791624831992257,0.5305930737622084,0.54841511176839,74.5125,0.5359396851640629
0.7,pomdp,13,1.7575,1.8923295482878006,0.5296273936732094,0.556566594497087,76.35,0.5377091539203727
0.7,pomdp,14,1.845,1.9912840967270349,0.5139334553770044,0.5318023229135618,71.5275,0.5192941156379716
0.7,pomdp,15,1.9,2.019524258424484,0.5165229631483882,0.5404038319360841,64.93,0.5236872237846968
0.7,pomdp,16,1.925,2.016812347144519,0.510857017381173,0.5390091961948472,71.385,0.5193026710252753
0.7,pomdp,17,1.8475,1.9643419504193793,0.5315914110543898,0.546077605179842,76.655,0.5359372692920255
0.7,pomdp,18,1.875,2.062897472111722,0.5396185975147751,0.5225381146281032,73.145,0.5344944526487736
0.7,pomdp,19,1.8125,1.983556741673695,0.5094879273584456,0.5493519495926518,64.135,0.5214471340287075
0.7,pomdp,20,1.8525,1.9564658507154638,0.5048809535446691,0.5232929564644155,63.6725,0.5104045544205931
0.7,pomdp,21,1.945,2.067788038659973,0.5240262874284742,0.5496541417195961,70.3525,0.5317146437158108
0.7,pomdp,22,1.925,2.050024238136047,0.514384087907673,0.5621051240506182,73.4775,0.5287003987505565
0.7,pomdp,23,1.8825,2.0049431750514963,0.5006800318552582,0.5555767617971227,71.7125,0.5171490508378176
0.7,pomdp,24,1.81,1.9773994193440563,0.5286181394738619,0.5288721385644656,72.9125,0.528694339201043
0.7,pomdp,25,1.92,2.0583346796444335,0.5135632872220157,0.5436389676651361,68.8525,0.5225859913549519
0.7,pomdp,26,1.865,1.9329050933994858,0.5315990522460693,0.5647971539105021,74.93,0.5415584827453991
0.7,pomdp,27,1.775,1.927135695331476,0.5114939184420302,0.5454157366918674,74.2975,0.5216704639169814
0.7,pomdp,28,1.8575,2.0082769061180774,0.50582272422409,0.5595207486828795,74.3825,0.5219321315617268
0.7,pomdp,29,1.8475,2.01714984924302,0.520464819885782,0.5147859563860671,68.4625,0.5187611608358674
0.7,pomdp,30,1.8175,1.9690953623599716,0.5252699773094888,0.5448514980766842,77.85,0.5311444335396474
0.7,pomdp,31,1.84,1.938315205853819,0.5034948759564201,0.5368163216568678,73.68,0.5134913096665544
0.7,pomdp,32,1.8725,2.0144979225664343,0.5069969616610305,0.5587419888172159,77.27,0.5225204698078861
0.7,pomdp,33,1.88,2.0244335885195937,0.5359665424927271,0.5734448225150705,79.8225,0.5472100264994301
0.7,pomdp,34,1.9,2.0308935186399295,0.5100068941925079,0.5593682460365645,69.205,0.5248152997457249
0.7,pomdp,35,1.9425,2.0175728042089958,0.5440370609407672,0.5655839360519106,78.4025,0.5505011234741102
0.7,pomdp,36,1.8375,1.9146493785804903,0.5340425105512425,0.5834413984686401,87.685,0.5488621769264617
0.7,pomdp,37,1.775,1.9337796981423212,0.5304722407397833,0.5910891821322695,79.4075,0.5486573231575291
0.7,pomdp,38,1.9125,2.065807602773906,0.5240249855784058,0.5545642161576779,74.3175,0.5331867547521874
0.7,pomdp,39,1.8475,1.9459894108137643,0.5239230021434379,0.5336014432901365,69.055,0.5268265344874474
0.7,pomdp,40,1.795,1.9300118222396259,0.5184160203562606,0.5456764052749135,71.18,0.5265941358318564
0.7,pomdp,41,1.845,1.9791936532884251,0.5054646513809433,0.5616522371452107,75.015,0.5223209271102235
0.7,pomdp,42,1.9,2.054868210254047,0.5082465070518076,0.5482905187013867,72.0875,0.5202597105466813
0.7,pomdp,43,1.89,2.088380194959913,0.5145464715183137,0.5585541385040532,74.41,0.5277487716140356
0.7,pomdp,44,1.8275,2.0558036482132054,0.5133546440018535,0.558923298552225,74.115,0.5270252403669649
0.7,pomdp,45,1.9475,2.0881324568687805,0.5180401455371831,0.5387452283577047,72.6775,0.5242516703833396
0.7,pomdp,46,1.8525,1.9632799959041776,0.5152035551275945,0.5476337657076802,73.3925,0.5249326183016203
0.7,pomdp,47,1.85,1.9425462097535229,0.5361030094114727,0.5322506561058503,74.24,0.5349473034197859
0.7,pomdp,48,1.8075,1.9625858557394582,0.5135417168388194,0.5484332047693916,79.3,0.5240091632179911
0.7,pomdp,49,1.87,2.0162466047226606,0.5061607166657227,0.5624527748980246,79.45,0.5230483341354133
0.7,pomdp,50,1.8925,2.0163649767992537,0.5164864326525327,0.5439001404414467,68.72,0.5247105449892069
0.8,bandit,1,2.0475,1.9633210237066925,0.35321443292317156,0.4308321139180808,52.395,0.36873796912215334
0.8,bandit,2,2.105,2.008182932634607,0.3950594788719974,0.461726820645444,62.4275,0.4083929472266867
0.8,bandit,3,2.0875,1.9955367213208086,0.3687586539659987,0.43154657888124776,51.305,0.3813162389490485
0.8,bandit,4,2.1825,2.1063077574351157,0.3549655434423385,0.4009291415924176,51.72,0.36415826307235427
0.8,bandit,5,2.08,1.9802611232186367,0.3570449509464939,0.4416243658117226,50.8,0.37396083391953966
0.8,bandit,6,1.9975,1.9272936757244237,0.3936245962447411,0.468595447813627,61.015,0.4086187665585183
0.8,bandit,7,2.025,1.9762647120629646,0.3886826842217153,0.4511123496950607,56.3675,0.40116861731638437
0.8,bandit,8,2.03,1.9895792665012768,0.35401350798813047,0.4225906444423979,46.5375,0.36772893527898404
0.8,bandit,9,2.0725,1.9976950731052663,0.38586151179489947,0.4584816233374629,62.3825,0.40038553410341216
0.8,bandit,10,2.095,2.0609836560073687,0.37203763823740965,0.4308119319956787,52.9875,0.3837924969890635
0.8,bandit,11,2.1225,2.048113845334129,0.3734593450214392,0.42718228221065213,53.815,0.3842039324592818
0.8,bandit,12,1.9925,1.9775771395692479,0.37671644619468375,0.42399189940138376,55.94,0.3861715368360237
0.8,bandit,13,2.135,2.0421675336277327,0.3798030640986785,0.42499877582363665,49.4425,0.3888422064436701
0.8,bandit,14,2.0325,2.0192628413911353,0.34584001984526636,0.42450709542055703,42.115,0.3615734349603245
0.8,bandit,15,2.18,2.1243619311928517,0.35811825568654965,0.4080588233613067,48.035,0.3681063692215012
0.8,bandit,16,2.14,2.069237420863778,0.3615692510455928,0.4160392492656094,50.465,0.37246325068959607
0.8,bandit,17,2.1325,2.0525760386921297,0.3648614854576304,0.42591326249370903,57.5725,0.3770718408648462
0.8,bandit,18,2.1025,2.08676344070013,0.35524593849146385,0.4116026517688536,48.2075,0.3665172811469418
0.8,bandit,19,2.0375,1.98793908151547,0.3778941339065344,0.4403095794437155,53.1825,0.39037722301397065
0.8,bandit,20,2.22,2.1460395334481888,0.3722427499364261,0.4097063595486308,53.1625,0.379735471858867
0.8,bandit,21,2.1775,2.1481978205762244,0.3716556938420213,0.4146799249890058,54.375,0.38026054007141824
0.8,bandit,22,2.04,1.9025262020092226,0.3749161415588834,0.4511879520463429,52.53,0.3901705036563753
0.8,bandit,23,2.1325,2.052221438024324,0.3593549619780898,0.4259938546102438,49.1725,0.37268274050452055
0.8,bandit,24,2.1475,2.101026868741649,0.37721093134286876,0.421485742012562,53.365,0.38606589347680736
0.8,bandit,25,2.1675,2.1075190464340796,0.3502560368381626,0.4105172766167513,46.3275,0.3623082847938804
0.8,bandit,26,2.035,2.013002786040457,0.3911994552667697,0.45420775026172533,59.64,0.40380111426576076
0.8,bandit,27,2.1275,2.06864664833172,0.34884828761347864,0.41104383380768283,52.0475,0.3612873968523195
0.8,bandit,28,2.135,2.0234891273060907,0.37457084056864787,0.44465016904224464,54.565,0.38858670626336717
0.8,bandit,29,2.0875,2.0560178942785834,0.37113541818804163,0.4267273114158344,52.515,0.38225379683360017
0.8,bandit,30,2.08,1.9977354892623793,0.398942752486197,0.45245901048649584,56.685,0.40964600408625673
0.8,bandit,31,2.0025,1.984904331804492,0.3770707598888858,0.4492325038777728,54.58,0.3915031086866632
0.8,bandit,32,2.115,2.0749291339927645,0.3556600653782162,0.4086143520963262,49.39,0.36625092272183823
0.8,bandit,33,2.09,2.026017961012513,0.376261560257177,0.43463669912596115,54.5125,0.3879365880309338
0.8,bandit,34,2.1525,2.154216387246273,0.3503347837546127,0.40135713267310535,50.83,0.3605392535383112
0.8,bandit,35,1.955,1.9055522430173197,0.36969566788558034,0.4556971960513168,47.585,0.3868959735187276
0.8,bandit,36,2.1575,2.0979016610047525,0.33573693052881654,0.3986452171549649,44.2175,0.3483185878540462
0.8,bandit,37,2.1925,2.070530300423312,0.3814637289189895,0.4309186506691441,53.4775,0.3913547132690205
0.8,bandit,38,2.135,2.060557252912221,0.3777198515953159,0.4420587231606449,63.795,0.3905876259083817
0.8,bandit,39,2.1625,2.08471933554377,0.38280217768979613,0.421335616474581,56.4925,0.39050886544675306
0.8,bandit,40,2.115,2.10802474693974,0.37484341374737384,0.42164381162132314,53.8075,0.3842034933221637
0.8,bandit,41,2.1175,2.1060939375244048,0.34901156381273685,0.41211157387361497,48.67,0.3616315658249125
0.8,bandit,42,2.1425,2.1094555333487937,0.3740015090342847,0.42189035291801347,50.03,0.38357927781103046
0.8,bandit,43,2.105,2.0061009068881237,0.3725548229355626,0.44457687803292456,52.0575,0.386959233955035
0.8,bandit,44,2.0475,2.0188461468940773,0.36526337249692953,0.433141595314299,56.12,0.37883901706040335
0.8,bandit,45,1.94,1.8684951090327244,0.371322051649628,0.44491656459342666,51.45,0.3860409542383877
0.8,bandit,46,2.0925,2.064486582038054,0.38098105364090223,0.42520682613586713,51.4325,0.3898262081398951
0.8,bandit,47,2.01,2.00554940194293,0.3560460816569584,0.42622122248324973,50.35,0.3700811098222166
0.8,bandit,48,2.14,2.136745006442603,0.3566734545901906,0.41441873784395933,57.715,0.36822251124094435
0.8,bandit,49,2.165,2.059261312207874,0.37115619639486624,0.43181281423246515,55.9425,0.3832875199623861
0.8,bandit,50,2.1875,2.0720816323596565,0.3811914538288,0.43115620583044206,52.92,0.3911844042291284
0.8,pomdp,1,2.1675,2.1950511591548203,0.557851645026746,0.49039137090229246,80.82,0.5443595902018553
0.8,pomdp,2,2.1225,2.143779455698997,0.5665644966281276,0.505386041379345,79.14,0.554328805578371
0.8,pomdp,3,2.1775,2.179323565535615,0.5732999349554828,0.4736012463325281,74.1675,0.5533601972308919
0.8,pomdp,4,2.1425,2.2101448787597473,0.561427183671305,0.5028817076404459,74.2475,0.5497180884651331
0.8,pomdp,5,2.29,2.365216724621061,0.5564484396767966,0.48099022946419706,68.6575,0.5413567976342768
0.8,pomdp,6,2.0675,2.125383703769584,0.5576059986785803,0.5062150352176475,75.005,0.5473278059863937
0.8,pomdp,7,2.05,2.154049616257356,0.5513941190476919,0.4867839635609989,76.8675,0.5384720879503534
0.8,pomdp,8,2.2125,2.2692828637587255,0.5507718275192054,0.4730619238382857,67.41,0.5352298467830214
0.8,pomdp,9,2.145,2.1960876428654075,0.5737013930478412,0.5090332924284309,86.635,0.5607677729239591
0.8,pomdp,10,2.16,2.2063402239923544,0.5649194625787406,0.4943533029951323,85.2675,0.550806230662019
0.8,pomdp,11,2.155,2.233796797752275,0.5519009380398506,0.5125333124302361,78.42,0.5440274129179278
0.8,pomdp,12,2.06,2.0377817805234604,0.5497515162542416,0.4690205863678647,66.9275,0.5336053302769663
0.8,pomdp,13,2.1025,2.1931375920537834,0.5686635916455015,0.49689714448399996,79.7075,0.5543103022132012
0.8,pomdp,14,2.155,2.199836089471684,0.5497234786450476,0.47286284199834255,69.305,0.5343513513157067
0.8,pomdp,15,2.2425,2.271401930512211,0.5445251149449879,0.4982976834595083,70.095,0.535279628647892
0.8,pomdp,16,2.0375,2.081175645818945,0.5456168295656671,0.4914920313177258,79.1225,0.5347918699160789
0.8,pomdp,17,2.1875,2.210038093820476,0.5506885718703823,0.47843340159654724,70.085,0.5362375378156153
0.8,pomdp,18,2.0925,2.128091980124353,0.5411100478140949,0.4514904331299829,65.9,0.5231861248772726
0.8,pomdp,19,2.1075,2.145182388396829,0.5542417273431998,0.4759700405860447,66.625,0.5385873899917688
0.8,pomdp,20,2.04,2.1015287396537743,0.5580659091895142,0.47778460436208503,65.46,0.5420096482240284
0.8,pomdp,21,2.1625,2.207714050898684,0.5569028275368286,0.49221762363780536,68.2975,0.543965786757024
0.8,pomdp,22,2.1425,2.1660694990219236,0.542967928554392,0.5137831325746545,72.0075,0.5371309693584445
0.8,pomdp,23,2.0275,2.082840228493916,0.5468212739932563,0.45607532384328375,64.76,0.5286720839632618
0.8,pomdp,24,2.14,2.1319126772305763,0.5534559637819918,0.5066069717053188,71.085,0.5440861653666572
0.8,pomdp,25,2.1,2.142231419982248,0.5449586359256844,0.49459549723063767,67.6775,0.5348860081866751
0.8,pomdp,26,2.185,2.2196368207618415,0.5497513348496671,0.4788461741772383,71.1325,0.5355703027151812
0.8,pomdp,27,2.195,2.230751186887154,0.5234167331689629,0.4905370000275713,67.2425,0.5168407865406845
0.8,pomdp,28,2.175,2.2357041678879006,0.5401314977137609,0.4831121742253166,70.4575,0.528727633016072
0.8,pomdp,29,2.175,2.2037734046205975,0.5314472333715792,0.4666465675381846,73.46,0.5184871002049003
0.8,pomdp,30,2.22,2.2769305198909753,0.5517811366325719,0.4675002480677921,77.265,0.534924958919616
0.8,pomdp,31,2.1575,2.216660819319746,0.5518577116126798,0.460851011547124,72.01,0.5336563715995687
0.8,pomdp,32,2.205,2.2244267924855077,0.5660119989817983,0.5050826923310074,77.105,0.5538261376516401
0.8,pomdp,33,2.0775,2.1667898787424535,0.5681481950238368,0.47582077127419226,75.0475,0.5496827102739079
0.8,pomdp,34,2.0975,2.1332355061782495,0.5436461375596501,0.49226759682090315,71.8,0.5333704294119006
0.8,pomdp,35,2.095,2.1721736760268153,0.5805178292784403,0.4878352158566617,78.9825,0.5619813065940846
0.8,pomdp,36,2.195,2.2524945347508516,0.5523839047688479,0.49869813045426903,81.315,0.5416467499059323
0.8,pomdp,37,2.165,2.247850430202857,0.5460788697698021,0.5213368662227793,77.2675,0.5411304690603975
0.8,pomdp,38,2.1675,2.2144771491894386,0.5619327283592631,0.5055935896514555,73.56,0.5506649006177016
0.8,pomdp,39,2.3775,2.3869946999331324,0.5652656225343428,0.49163263731131596,73.4975,0.5505390254897375
0.8,pomdp,40,2.1625,2.283782383036809,0.5713699938843556,0.509381579760018,83.77,0.5589723110594881
0.8,pomdp,41,2.0275,2.1420222023412725,0.5276643364285082,0.4632407217016378,63.125,0.5147796134831342
0.8,pomdp,42,2.065,2.1385750618424195,0.5681389042778907,0.48565241231036843,81.4225,0.5516416058843862
0.8,pomdp,43,2.0975,2.1535999389372398,0.5444161229383839,0.5036873459930046,73.8425,0.536270367549308
0.8,pomdp,44,2.075,2.136592283126921,0.5621454015574348,0.44324724162623075,66.11,0.5383657695711941
0.8,pomdp,45,2.1925,2.2414930340236157,0.5328910963122746,0.5052057185983168,77.425,0.5273540207694831
0.8,pomdp,46,2.2,2.2528114044826806,0.5714071769711144,0.5171696018007419,83.9575,0.56055966193704
0.8,pomdp,47,2.1425,2.145000680297392,0.5588400937134093,0.5023635422165252,73.2125,0.5475447834140325
0.8,pomdp,48,2.1475,2.2467746863221105,0.558436533679167,0.4898654459535159,73.9975,0.5447223161340368
0.8,pomdp,49,2.2125,2.2646828140645723,0.5508208142017351,0.49819247298140484,75.8975,0.5402951459576691
0.8,pomdp,50,2.1775,2.2126084295084394,0.5458102724143261,0.49707220543010594,72.65,0.5360626590174822
0.9,bandit,1,2.12,2.0925381099494724,0.35657489802746595,0.41436783303600094,47.9125,0.36235419152831944
0.9,bandit,2,2.05,2.0176194788638786,0.3805295253875609,0.4200790842300326,52.06,0.3844844812718081
0.9,bandit,3,2.03,1.9949034070482292,0.37268962142647516,0.4472118472264853,50.7525,0.38014184400647616
0.9,bandit,4,2.08,2.057308858468156,0.37392792504681927,0.40732108202729833,45.155,0.37726724074486717
0.9,bandit,5,2.07,2.0669718510139212,0.3659070535184118,0.4157260029040448,47.1,0.3708889484569751
0.9,bandit,6,2.155,2.0653375324096728,0.3526313364246573,0.40611939212704223,44.3375,0.3579801419948958
0.9,bandit,7,2.15,2.1082494650415535,0.3464467265466834,0.4050241168205432,43.09,0.35230446557406936
0.9,bandit,8,2.125,2.065975036690828,0.35946031264156697,0.39496442647315405,50.8325,0.3630107240247256
0.9,bandit,9,2.11,2.0676023152690077,0.3729510290301079,0.4221159659868309,51.055,0.3778675227257802
0.9,bandit,10,2.035,1.9855459068744752,0.38634512086891903,0.4498935989869666,54.15,0.39269996868072377
0.9,bandit,11,2.12,2.046770865506625,0.36334769053160426,0.4284193857709815,46.84,0.3698548600555419
0.9,bandit,12,2.07,1.9995244702240411,0.38085586934852683,0.43565851040456244,45.31,0.3863361334541305
0.9,bandit,13,2.0375,1.962389582904502,0.38552177573076035,0.4520340721341969,54.3775,0.39217300537110406
0.9,bandit,14,2.12,2.028570669543414,0.4030036917258249,0.4515725385317166,54.1475,0.4078605764064141
0.9,bandit,15,2.025,1.9884533613080442,0.35915225885272906,0.4366459455146453,45.2725,0.3669016275189207
0.9,bandit,16,2.05,2.0065510012209007,0.3426469760669204,0.42264252210097936,48.1125,0.35064653067032625
0.9,bandit,17,2.085,2.053485042592929,0.3596043857052437,0.41557842457942357,48.4,0.36520178959266175
0.9,bandit,18,2.0875,2.0150264861721716,0.3852032082851239,0.43958774600599826,49.1875,0.39064166205721135
0.9,bandit,19,2.1225,2.1193630232738685,0.3620103215764563,0.42555553939501123,48.865,0.3683648433583118
0.9,bandit,20,2.095,2.0300906500043157,0.344086001157862,0.40366065216458097,44.0175,0.3500434662585339
0.9,bandit,21,2.1725,2.1432141001740037,0.36263760499633335,0.39733321562848933,49.73,0.3661071660595489
0.9,bandit,22,2.1175,2.0424804936873318,0.35874292611002884,0.42673124795637746,50.0325,0.36554175829466373
0.9,bandit,23,2.075,2.006929352014291,0.3699325655223193,0.4279648509773713,47.065,0.3757357940678244
0.9,bandit,24,2.1725,2.1266658698505214,0.35035656021573497,0.3796189146993269,46.1225,0.35328279566409415
0.9,bandit,25,2.195,2.127993520878618,0.36854508699619787,0.41912448118418344,54.365,0.37360302641499643
0.9,bandit,26,2.0975,2.0517777796083774,0.3676032211627195,0.424526738044936,51.8775,0.37329557285094117
0.9,bandit,27,2.0675,1.974307512137974,0.3742022470038011,0.4302612173131748,45.7425,0.3798081440347385
0.9,bandit,28,2.1425,2.1060433331840898,0.3515129008482893,0.3997477101672702,47.565,0.3563363817801873
0.9,bandit,29,2.155,2.05072247004157,0.3729892245634791,0.41648925786061747,47.99,0.37733922789319296
0.9,bandit,30,2.155,2.0591638156669494,0.35507377068856855,0.40589898476160463,49.0775,0.360156292095872
0.9,bandit,31,2.19,2.179971844476667,0.3329858831191088,0.3825639730679326,43.2525,0.3379436921139912
0.9,bandit,32,2.1275,2.0772918999249295,0.36449621923162356,0.41326832697112936,44.225,0.3693734300055741
0.9,bandit,33,2.095,2.0019659471279003,0.3842727289439844,0.42301882286690284,52.5975,0.3881473383362762
0.9,bandit,34,2.0575,2.03271799670822,0.35777785624029335,0.4075239853176601,50.6275,0.36275246914803005
0.9,bandit,35,2.1475,2.0910033530715686,0.351503474660995,0.39063939065403525,45.1575,0.35541706626029906
0.9,bandit,36,2.12,2.0992739762817663,0.362120033195086,0.4175579059843142,53.08,0.3676638204740088
0.9,bandit,37,2.1,2.0059550536739525,0.3693271639097695,0.42440462826535574,51.335,0.3748349103453282
0.9,bandit,38,2.105,2.061517935656688,0.3906048077314888,0.42889066634431655,55.515,0.39443339359277163
0.9,bandit,39,2.115,2.102786714234235,0.3721224985396166,0.4320632043553043,51.65,0.37811656912118535
0.9,bandit,40,2.0975,2.0383594919509265,0.3649197081415679,0.44246318631981707,45.125,0.3726740559593928
0.9,bandit,41,2.055,1.959180824850013,0.3809434450901682,0.43761649090715077,48.4975,0.3866107496718665
0.9,bandit,42,2.15,2.0525510912244953,0.3651148406906749,0.41509912518603626,50.8425,0.37011326914021103
0.9,bandit,43,2.09,1.984297594759837,0.38800434131179984,0.4251228007473612,46.9575,0.39171618725535595
0.9,bandit,44,2.15,2.1223899738248866,0.3552920203435457,0.41909697563190845,51.8425,0.36167251587238197
0.9,bandit,45,2.1825,2.09625949982329,0.36366523341620594,0.4109447532130696,54.1275,0.3683931853958923
0.9,bandit,46,2.17,2.1408706829910025,0.3457896118923952,0.39733054477039254,41.005,0.350943705180195
0.9,bandit,47,2.02,1.9427567368590763,0.3713856517472247,0.43165345433720587,46.7425,0.3774124320062229
0.9,bandit,48,2.06,2.016339325543355,0.37801770252113825,0.42441510885077677,45.22,0.38265744315410205
0.9,bandit,49,2.0975,2.0374242730283987,0.39021816908858964,0.4279907414590042,51.19,0.3939954263256311
0.9,bandit,50,2.1625,2.135499937808143,0.32999994609187466,0.3823917560848137,45.5375,0.33523912709116854
0.9,pomdp,1,2.1175,2.1695656563821153,0.5411015204768168,0.44149199591024074,62.465,0.5311405680201592
0.9,pomdp,2,2.0325,2.083959583675796,0.5509484014624793,0.43761143068454983,69.535,0.5396147043846863
0.9,pomdp,3,2.1425,2.232484672896503,0.549655920806446,0.4432496594288662,69.3,0.5390152946686879
0.9,pomdp,4,2.23,2.27875485666489,0.5702280648024153,0.4528845372846134,76.3775,0.558493712050635
0.9,pomdp,5,2.17,2.247305095485849,0.5718556772152082,0.4742398353612379,78.0125,0.5620940930298112
0.9,pomdp,6,2.3,2.2992963147561443,0.5487611106041499,0.43366276107614055,71.5225,0.537251275651349
0.9,pomdp,7,2.15,2.2302123293155134,0.5613502124995103,0.4223942280770116,68.0525,0.5474546140572605
0.9,pomdp,8,2.105,2.1780304359249074,0.5536362410636378,0.4419418592565965,69.125,0.5424668028829337
0.9,pomdp,9,2.1525,2.229858482183994,0.5577245705112549,0.42357886515685317,68.8225,0.5443099999758148
0.9,pomdp,10,2.14,2.1859043854341307,0.5450740588087557,0.45642064995556775,73.1475,0.5362087179234369
0.9,pomdp,11,2.205,2.2202874640010624,0.5814719159643622,0.47295442167940094,80.1825,0.5706201665358661
0.9,pomdp,12,2.095,2.107439741580197,0.5739627272749316,0.4360955580046888,71.555,0.5601760103479073
0.9,pomdp,13,2.1525,2.1803279905203876,0.56347502731644,0.4737954836015376,77.36,0.5545070729449497
0.9,pomdp,14,2.21,2.2747581416184675,0.5738295498124525,0.43019826218154433,67.1575,0.5594664210493616
0.9,pomdp,15,2.1025,2.182915776035201,0.5566666786326249,0.4425626243188288,71.7025,0.5452562732012453
0.9,pomdp,16,2.0375,2.08495901250086,0.5488676052580703,0.4347361413032003,67.545,0.5374544588625834
0.9,pomdp,17,2.15,2.215042189994405,0.5639304710028944,0.40068314375461084,69.135,0.5476057382780661
0.9,pomdp,18,2.24,2.3037015438223314,0.5810833894483803,0.47459720883411,81.505,0.5704347713869534
0.9,pomdp,19,2.2075,2.235394720939823,0.5628966036644587,0.45285442311614865,65.715,0.5518923856096278
0.9,pomdp,20,2.17,2.22227513567469,0.5556457559849136,0.44710814310017993,74.87,0.5447919946964404
0.9,pomdp,21,2.13,2.2128373296959114,0.5622487494789511,0.4570721019793463,74.5475,0.5517310847289906
0.9,pomdp,22,2.2075,2.2586436636737868,0.5655568555248869,0.44264120263176837,67.8275,0.553265290235575
0.9,pomdp,23,2.1675,2.1794736834015724,0.5529860328125177,0.4188781489060278,59.43,0.5395752444218687
0.9,pomdp,24,2.2025,2.223039895743594,0.5760796596929205,0.46132115219268394,80.83,0.5646038089428969
0.9,pomdp,25,2.115,2.1124862727317555,0.5417049294734988,0.441351676555088,65.915,0.5316696041816578
0.9,pomdp,26,2.1525,2.2377969513981872,0.5621662684409032,0.4497842717192664,77.3525,0.5509280687687395
0.9,pomdp,27,2.1775,2.2172723827530416,0.5685579478875493,0.4630855022317278,76.905,0.5580107033219671
0.9,pomdp,28,2.205,2.233367572977379,0.5758454315699743,0.4467886296098297,72.98,0.5629397513739598
0.9,pomdp,29,2.26,2.3086229242676986,0.5911847930577627,0.4785285071128979,83.365,0.5799191644632762
0.9,pomdp,30,2.07,2.1473864552223154,0.555677023812445,0.42999501914736166,65.1525,0.5431088233459367
0.9,pomdp,31,2.1475,2.214957538702612,0.5456066930015468,0.43554631036198815,69.6125,0.534600654737591
0.9,pomdp,32,2.0925,2.1504926851935995,0.563897468288795,0.4207154342598027,68.215,0.5495792648858958
0.9,pomdp,33,2.13,2.1361699176369044,0.5410275676685661,0.42454661261081594,60.3225,0.529379472162791
0.9,pomdp,34,2.195,2.2607967682836105,0.5485415678701754,0.43253172149998553,65.745,0.5369405832331564
0.9,pomdp,35,2.1625,2.233728896807572,0.5753449289571592,0.4415732746217411,69.475,0.5619677635236173
0.9,pomdp,36,2.185,2.23434182910935,0.547950242868911,0.4596195730210272,70.94,0.5391171758841227
0.9,pomdp,37,2.275,2.3318107895387232,0.5703002199198612,0.46587080389514085,75.0325,0.5598572783173892
0.9,pomdp,38,2.1575,2.162105051245883,0.5584467778884609,0.43512263605837037,67.4025,0.5461143637054517
0.9,pomdp,39,2.06,2.0732573934272436,0.5564654184327635,0.45319423127120245,79.205,0.5461382997166073
0.9,pomdp,40,2.11,2.1686986696152513,0.531487327798262,0.4535777225945257,65.08,0.5236963672778885
0.9,pomdp,41,2.1425,2.1872044350184514,0.5620126515298667,0.42097681269032194,66.09,0.5479090676459122
0.9,pomdp,42,2.155,2.2059111316439055,0.5730670264004971,0.46332171700457764,76.7725,0.5620924954609051
0.9,pomdp,43,2.21,2.2900815943829924,0.5695708691751686,0.4558091216090769,75.98,0.5581946944185595
0.9,pomdp,44,2.1525,2.2395734316659146,0.5524401416420818,0.43223425147352307,68.5625,0.5404195526252259
0.9,pomdp,45,2.225,2.2186889869540907,0.5688972387840264,0.45878031260053076,75.515,0.5578855461656768
0.9,pomdp,46,2.265,2.2920455974893206,0.5594204645967829,0.43642612443371953,76.34,0.5471210305804766
0.9,pomdp,47,2.13,2.235758169472709,0.564046153403295,0.44452982709246003,70.3125,0.5520945207722114
0.9,pomdp,48,2.17,2.2053539006445284,0.5590980475696743,0.43214409834351314,69.7225,0.5464026526470582
0.9,pomdp,49,2.125,2.195847980381397,0.5555672648192158,0.4315741410798233,61.47,0.5431679524452766
0.9,pomdp,50,2.2125,2.253323371862407,0.571657332174462,0.4598330200794447,81.0975,0.5604749009649603
