agent_type,reward_function,run_number,avg_final_state,avg_avg_state,avg_accuracy,avg_engagement,avg_questions_answered,avg_total_reward
bandit,correctness,1,2.045,2.030405667479646,0.33021290429493233,0.40035819712255943,14.835,0.33021290429493233
bandit,correctness,2,2.07,2.0438640717323726,0.3135600177991501,0.39298480065056424,11.655,0.3135600177991501
bandit,correctness,3,1.96,1.9268368896105188,0.32506431630105714,0.4205315478552207,13.5725,0.32506431630105714
bandit,correctness,4,1.875,1.84534083270959,0.32972141983747294,0.4321059088845621,13.35,0.32972141983747294
bandit,correctness,5,2.135,2.1221748265990446,0.2913091176187328,0.36866376163882153,12.5575,0.2913091176187328
bandit,correctness,6,2.1875,2.1334489981501497,0.3221184754887559,0.3909443834770975,14.5825,0.3221184754887559
bandit,correctness,7,2.1075,2.076802804519158,0.297862420510708,0.38703390528253984,14.08,0.297862420510708
bandit,correctness,8,2.03,1.9827227741878408,0.3241067169577447,0.39052698634817423,13.1325,0.3241067169577447
bandit,correctness,9,2.075,2.0459708229733,0.3214767463170226,0.40947337542594153,14.065,0.3214767463170226
bandit,correctness,10,2.0125,1.9725938980969056,0.3402217715447496,0.40567064929259844,15.005,0.3402217715447496
bandit,correctness,11,2.1425,2.0916721268468086,0.34610298389754507,0.39234736744024984,16.34,0.34610298389754507
bandit,correctness,12,2.0325,1.996552523394866,0.33689038904781016,0.39402170849631857,13.2725,0.33689038904781016
bandit,correctness,13,2.0825,2.0485955689166797,0.31326401520520486,0.38167334762940613,13.435,0.31326401520520486
bandit,correctness,14,2.1075,2.0665937913420342,0.3327460612579547,0.39953325964339825,13.1425,0.3327460612579547
bandit,correctness,15,1.9975,1.977432116028281,0.3169063271978926,0.4124834596018421,14.605,0.3169063271978926
bandit,correctness,16,1.985,1.9467259622422861,0.33585482491645285,0.3943938157731797,14.205,0.33585482491645285
bandit,correctness,17,2.0275,1.9805890473040229,0.33006775244058195,0.4107737730806841,15.5125,0.33006775244058195
bandit,correctness,18,2.0925,2.0572017082332166,0.32293091143960156,0.38957744893133756,14.8275,0.32293091143960156
bandit,correctness,19,2.0075,1.9832873988933017,0.3314186396584822,0.4122767610831962,15.6025,0.3314186396584822
bandit,correctness,20,2.085,2.0505569959436953,0.31455127979847997,0.3852450299218118,15.3,0.31455127979847997
bandit,correctness,21,2.15,2.1287352171337544,0.3114572796866344,0.373467690824238,13.15,0.3114572796866344
bandit,correctness,22,2.0675,2.007258422447628,0.3218948305135288,0.3877517878179492,12.5675,0.3218948305135288
bandit,correctness,23,2.1275,2.106770189481499,0.3154154095496757,0.39598733488902726,13.2625,0.3154154095496757
bandit,correctness,24,2.06,2.0115817330152135,0.3041733179889578,0.3704075803213728,11.1775,0.3041733179889578
bandit,correctness,25,1.9375,1.9238169889993402,0.30701043320267085,0.4223814750647507,12.61,0.30701043320267085
bandit,correctness,26,2.055,2.0323390790220324,0.30975768684704075,0.38954993033739604,12.4725,0.30975768684704075
bandit,correctness,27,2.1825,2.139302510012216,0.30479958054306133,0.3656869008010304,13.6825,0.30479958054306133
bandit,correctness,28,2.11,2.0852036852332,0.28180823766628293,0.3742090429061222,13.415,0.28180823766628293
bandit,correctness,29,2.1025,2.0886199585214302,0.28624400661484495,0.3609622202131614,13.8175,0.28624400661484495
bandit,correctness,30,2.035,2.0111665102411473,0.29427905329812043,0.38535975774002323,14.245,0.29427905329812043
bandit,engagement,1,1.97,1.9670778827488937,0.3102340968224956,0.44389906032242804,16.4275,0.44389906032242804
bandit,engagement,2,1.8375,1.7983853808602128,0.3548756006402807,0.491598645143343,20.4475,0.491598645143343
bandit,engagement,3,1.9,1.903932826658224,0.31417035824481215,0.45885139231509486,15.945,0.45885139231509486
bandit,engagement,4,2.0575,2.059014283761727,0.3092527639109127,0.4097173155113474,14.8175,0.4097173155113474
bandit,engagement,5,1.935,1.9393799235799885,0.30673741367441354,0.4435209302306419,14.92,0.4435209302306419
bandit,engagement,6,1.9675,1.9750344346012696,0.3244604050413837,0.4346708687075663,18.4425,0.4346708687075663
bandit,engagement,7,2.055,2.041753241176577,0.327177852425681,0.41811892036546255,15.285,0.41811892036546255
bandit,engagement,8,1.9925,1.9607273086493506,0.3277040143696563,0.432819845382437,18.36,0.432819845382437
bandit,engagement,9,1.9075,1.9204551776507963,0.3120641136114666,0.40654324174825635,15.7425,0.40654324174825635
bandit,engagement,10,1.9925,1.9644493166200636,0.309927844909471,0.4320872235288771,15.0825,0.4320872235288771
bandit,engagement,11,1.9775,1.9607933548414351,0.3079662882890288,0.4440550025525086,18.3825,0.4440550025525086
bandit,engagement,12,2.0425,2.0242797791850813,0.29859730198325646,0.41279962950688487,15.705,0.41279962950688487
bandit,engagement,13,1.9625,1.982553281495692,0.31097159993190554,0.4152398733686603,14.7375,0.4152398733686603
bandit,engagement,14,2.0125,1.9974199669482278,0.32288340889623585,0.42500609984259624,18.735,0.42500609984259624
bandit,engagement,15,1.8425,1.8359792602960403,0.32785468225331543,0.44613212096109917,18.7125,0.44613212096109917
bandit,engagement,16,1.9075,1.908478661584206,0.31006116974495784,0.4501634185308583,16.525,0.4501634185308583
bandit,engagement,17,2.0125,1.9842240166101914,0.314013544062031,0.42045316997142484,18.4725,0.42045316997142484
bandit,engagement,18,1.9,1.896220604176064,0.29563694482793246,0.4381370038115846,13.945,0.4381370038115846
bandit,engagement,19,1.9475,1.917949326934619,0.3197766682511003,0.4545537611471922,17.015,0.4545537611471922
bandit,engagement,20,1.95,1.9242536020182164,0.3197776951916571,0.43665991512064045,14.54,0.43665991512064045
bandit,engagement,21,2.1125,2.0904614186081063,0.29422373685210623,0.4032685481096825,14.6075,0.4032685481096825
bandit,engagement,22,1.9825,1.9846660512428418,0.29498277838788867,0.42161244641875695,13.635,0.42161244641875695
bandit,engagement,23,2.0425,2.043402942356469,0.308253786922907,0.4102997684681034,14.745,0.4102997684681034
bandit,engagement,24,1.9825,1.9612150785347635,0.32292347390505854,0.43866919012929245,18.19,0.43866919012929245
bandit,engagement,25,1.93,1.9167623168362986,0.3251488088438112,0.4346132131931415,16.9625,0.4346132131931415
bandit,engagement,26,2.0375,2.047864616698032,0.31276517689663796,0.40001042225999117,15.6525,0.40001042225999117
bandit,engagement,27,1.9875,1.9459228822912442,0.3305417450466234,0.4425549957593691,16.9875,0.4425549957593691
bandit,engagement,28,2.01,1.9963541420757756,0.29255211639062323,0.39538328488514474,14.305,0.39538328488514474
bandit,engagement,29,2.0175,2.0062075027601933,0.31620451982314907,0.40768468680894593,14.8375,0.40768468680894593
bandit,engagement,30,2.03,2.059204222328814,0.2915549873866561,0.39555596436585566,15.2475,0.39555596436585566
bandit,composite,1,1.9425,1.920740896511394,0.3242032865888265,0.4204338018046677,16.0825,0.3530724411535789
bandit,composite,2,1.9625,1.9374999287617123,0.33775251979089915,0.43380388089830896,18.905,0.3665679281231221
bandit,composite,3,2.0125,2.0111480518865914,0.30651262160291987,0.42244995480039593,14.5175,0.34129382156216265
bandit,composite,4,2.02,2.022254911402741,0.30678401602109645,0.40991394205248227,16.0325,0.3377229938305122
bandit,composite,5,1.985,1.9682360422916565,0.3100373383806979,0.40716350603546414,16.4725,0.3391751886771277
bandit,composite,6,1.995,1.949128919027361,0.3106043285149095,0.4017889008425085,15.975,0.3379597002131892
bandit,composite,7,2.06,2.057786302147715,0.316925652183973,0.3896141231831878,15.835,0.33873219348373745
bandit,composite,8,2.1125,2.089684193130925,0.3235956619851663,0.392039668693108,16.3325,0.34412886399754883
bandit,composite,9,2.1575,2.1166117272802727,0.3111882488064544,0.3727861235441614,16.8925,0.32966761122776655
bandit,composite,10,2.1125,2.084776771445511,0.3194499843999166,0.4069440420302331,16.065,0.34569820168901155
bandit,composite,11,2.0875,2.140900177861661,0.29789860076800617,0.38042771951388543,14.9925,0.32265733639176986
bandit,composite,12,1.975,1.988671360875199,0.3266045987061777,0.4205351366519784,16.6875,0.35478376008991785
bandit,composite,13,2.0575,2.0268883949707743,0.3161418551653677,0.3908576128325739,15.365,0.3385565824655295
bandit,composite,14,2.0125,2.0218652699379858,0.3276046958629754,0.4059719640488656,14.7425,0.3511148763187424
bandit,composite,15,2.035,2.014463095568199,0.3320194436512062,0.419224137810052,18.86,0.3581808518988599
bandit,composite,16,2.0375,2.0027726067812224,0.3228730490355922,0.42053156267604874,17.5475,0.35217060312772924
bandit,composite,17,2.0325,1.9917951176637183,0.3432333110424494,0.41802776628578203,17.0475,0.3656716476154492
bandit,composite,18,2.025,1.9795416384648634,0.32849212562652563,0.4094634537381699,17.665,0.35278352406001884
bandit,composite,19,1.9825,1.9458740444567975,0.34818640751625834,0.44481187718126797,17.145,0.37717404841576124
bandit,composite,20,2.1,2.1059940355200357,0.3173516362557083,0.3795005099022306,16.835,0.335996298349665
bandit,composite,21,2.06,2.0473454512728186,0.3094267583639702,0.39732170199724703,13.4675,0.33579524145395323
bandit,composite,22,2.16,2.1508965829610305,0.3003365471364051,0.3764039648344013,15.29,0.323156772445804
bandit,composite,23,1.9175,1.9098292545929112,0.30596515100644306,0.4363882925979942,15.31,0.3450920934839084
bandit,composite,24,2.055,2.0308628810402296,0.32045429459697944,0.40976315086250525,17.275,0.34724695147663714
bandit,composite,25,1.9825,1.9613470645527251,0.3249329835523909,0.43356691619381876,15.3625,0.35752316334481926
bandit,composite,26,1.9775,1.961094335536676,0.3247240608425699,0.43702287578297033,17.455,0.3584137053246901
bandit,composite,27,2.0075,1.9598509885487625,0.3326793856434358,0.4188499586289548,15.6975,0.35853055753909147
bandit,composite,28,1.97,1.9596255644450888,0.32942194816578135,0.4182912003118135,15.5125,0.356082723809591
bandit,composite,29,2.0175,2.0065403964044233,0.3009109132823665,0.4006809540086927,14.965,0.3308419255002644
bandit,composite,30,2.0825,2.0387572764716366,0.31646500964969404,0.4020599825247102,16.245,0.3421435015121989
bandit,knowledge_gain,1,2.1075,2.020130467316014,0.35688371392104395,0.41083201132145164,16.0675,0.3824126415034413
bandit,knowledge_gain,2,2.0975,2.063822455121063,0.29045449948814406,0.38758000996439007,13.75,0.31104492123202193
bandit,knowledge_gain,3,2.0025,2.0098396335908024,0.33124703850576237,0.3924831982207902,14.0,0.3530413936732357
bandit,knowledge_gain,4,2.1,2.045291307185962,0.327322896090309,0.3848366601734307,13.7575,0.34984456341754
bandit,knowledge_gain,5,2.0525,1.9913317108312794,0.332664272534938,0.41863778096402227,16.605,0.35831255063207534
bandit,knowledge_gain,6,1.8675,1.8427208278159415,0.3561770813817472,0.4368173325114935,14.4525,0.3850659476109585
bandit,knowledge_gain,7,2.16,2.104677695544091,0.3224583744291404,0.38544048350249516,14.9875,0.34842495925691563
bandit,knowledge_gain,8,2.095,2.0409187098038273,0.33458299530377117,0.39485713732657834,14.95,0.3573833747256985
bandit,knowledge_gain,9,2.065,2.052346628546651,0.3342546605346597,0.3917505907483582,15.1725,0.35399970433345346
bandit,knowledge_gain,10,2.12,2.0990578058101925,0.31401796198769366,0.37135048500135354,13.5525,0.3336322549933967
bandit,knowledge_gain,11,2.1075,2.0535227170594395,0.2959111574806402,0.38277553928330366,14.0075,0.31972098508517455
bandit,knowledge_gain,12,2.1025,2.0178241154996583,0.34826089436307434,0.39883414052180677,14.8975,0.37257040296095406
bandit,knowledge_gain,13,2.0675,2.028667067993249,0.35096474133658134,0.4190891863751197,16.05,0.37439003746847016
bandit,knowledge_gain,14,2.0975,2.063104419351612,0.3323689042064656,0.3878066930870064,13.1475,0.35394255538067676
bandit,knowledge_gain,15,2.06,2.028091436734627,0.31643194553788506,0.38430511531723677,13.745,0.334954529810127
bandit,knowledge_gain,16,1.99,1.9365755490103973,0.3413231566010617,0.42655519044703966,16.1725,0.36618165375258227
bandit,knowledge_gain,17,1.995,1.9546982181430672,0.3311352037594113,0.40168794503496286,12.4025,0.3551152346214407
bandit,knowledge_gain,18,2.02,1.9920964083672783,0.3386368584726068,0.4206669322972321,15.2225,0.3634668623119368
bandit,knowledge_gain,19,2.03,1.9523305772953257,0.33531399116785,0.4143499335991485,16.1625,0.3579231708457312
bandit,knowledge_gain,20,2.13,2.0738455106364797,0.32009260661736605,0.3845727404462155,15.0775,0.3431580293415209
bandit,knowledge_gain,21,2.075,2.052089253872052,0.31225115995967057,0.3961742597584902,14.0,0.3318125881368711
bandit,knowledge_gain,22,2.0275,2.002243763986535,0.33292653588971793,0.39702849270468127,16.275,0.35173851242601367
bandit,knowledge_gain,23,2.075,2.0241086899792204,0.34442654863225025,0.431490645873701,15.55,0.37074022644527316
bandit,knowledge_gain,24,2.0925,2.0405535567488515,0.3502773800563837,0.4077724366291852,16.2,0.3751172749911765
bandit,knowledge_gain,25,2.0175,1.9990935758393595,0.34190646773019623,0.414745078260151,13.6225,0.3674396896738186
bandit,knowledge_gain,26,2.0375,1.9533215866320248,0.32800765255633507,0.4226295033419359,14.105,0.35444797164698144
bandit,knowledge_gain,27,2.03,1.992773842834697,0.3280099313007651,0.4169294462073711,17.1275,0.3498778649878863
bandit,knowledge_gain,28,2.195,2.1316688091978024,0.31682253050290826,0.3758817743295191,15.22,0.33641474886760725
bandit,knowledge_gain,29,1.99,1.9535415534371827,0.3419625988424427,0.417075678179621,14.545,0.36490260514519646
bandit,knowledge_gain,30,2.1,2.0606259009176244,0.32011036686249894,0.3776596482098472,14.62,0.34137328189794686
bandit,learning_progress,1,2.015,1.9759557009158917,0.31835035303076037,0.4170755216065383,15.105,0.3798023724364094
bandit,learning_progress,2,2.035,1.9971419722451307,0.32089522015376076,0.3994176559619504,15.35,0.3834425490589021
bandit,learning_progress,3,2.0725,2.0534857819109917,0.33514034398415965,0.39841626333473373,13.6175,0.41156420410662947
bandit,learning_progress,4,2.02,2.019096401406626,0.3234955158612179,0.40571886547729674,15.0825,0.391257344384396
bandit,learning_progress,5,2.05,2.0015799842558493,0.31467025568762724,0.39770995048117463,12.8425,0.38280359185551704
bandit,learning_progress,6,2.205,2.164538730872197,0.3170889249704284,0.35215360947177987,13.6475,0.38687991617682677
bandit,learning_progress,7,2.1325,2.0609632101095055,0.3286066690910544,0.3884975682363903,14.445,0.3950060159039683
bandit,learning_progress,8,2.1025,2.102766632218484,0.3111757308526937,0.36679311556836325,13.225,0.37631147033247897
bandit,learning_progress,9,2.1525,2.0971063454002,0.32345015032196245,0.3898736952340158,11.925,0.3939132452891346
bandit,learning_progress,10,2.02,1.9315426829630553,0.32291846243780964,0.40176099506314117,13.715,0.38707786658191556
bandit,learning_progress,11,1.945,1.926094451380704,0.3249426411425133,0.4301536073226414,14.485,0.39307344485591456
bandit,learning_progress,12,1.975,1.9264667174611927,0.33251656782056016,0.43119679577442066,12.48,0.40434240732465776
bandit,learning_progress,13,2.1175,2.0771923976745543,0.287466330120372,0.36489280106437605,12.06,0.35045073013425454
bandit,learning_progress,14,1.9675,1.9016964802039507,0.31959210684542994,0.4216354032882006,13.515,0.38957856257325363
bandit,learning_progress,15,1.955,1.9190470569259588,0.34195336927528186,0.4343427146722658,13.72,0.4170587700074394
bandit,learning_progress,16,2.1025,2.096779038003263,0.3149285760022565,0.35817547682225664,12.9925,0.39853919287803224
bandit,learning_progress,17,2.085,2.0333634625241377,0.3342184046915307,0.39489771342056623,15.1175,0.40724709122418995
bandit,learning_progress,18,2.13,2.118787645857942,0.30177140350181775,0.3678655309527349,12.5575,0.3702870387641309
bandit,learning_progress,19,2.0225,2.012237767846905,0.33563521438114163,0.39816054605812146,13.9175,0.4103278895116904
bandit,learning_progress,20,2.0375,1.9817618081339292,0.3212875458248072,0.41534499041802747,15.4475,0.3806945405936865
bandit,learning_progress,21,2.09,2.052214365402083,0.31789735436563693,0.3880605351653297,15.125,0.38291572159511716
bandit,learning_progress,22,2.1275,2.1120772747184318,0.30139766546890023,0.37155977303536203,13.435,0.3665659481981098
bandit,learning_progress,23,1.9975,1.9708680136252625,0.32111117873736444,0.41222514976783287,15.8375,0.3801264596222228
bandit,learning_progress,24,2.03,2.005590362146045,0.3240834335457726,0.380976446153462,13.9325,0.3990550047391646
bandit,learning_progress,25,2.09,2.0695677986805716,0.2991148830196066,0.37940558734816066,12.9025,0.3671479457935422
bandit,learning_progress,26,2.025,2.0015871089361554,0.340361026223885,0.40438616671419275,15.2675,0.41696882313282346
bandit,learning_progress,27,2.05,1.9884400793803219,0.32141045310254696,0.4031753101479393,12.42,0.38937921533355035
bandit,learning_progress,28,2.0575,2.0126306540725745,0.30023384076841053,0.3853834946821796,11.8175,0.3712964881385939
bandit,learning_progress,29,2.1,2.0539761268511314,0.3206402606848313,0.3884145096702939,14.8675,0.3828569671485647
bandit,learning_progress,30,2.05,2.0302407921803294,0.29452018618569065,0.37490945765126305,11.9975,0.3621994592955636
bandit,composite_time,1,1.985,1.9587364213250424,0.3650305825175315,0.5445421704944033,16.93,0.2293155547749599
bandit,composite_time,2,2.02,1.9449792557782473,0.4049066347221725,0.5556317119187832,22.175,0.26512711394340643
bandit,composite_time,3,2.015,1.9965044917995738,0.3970910203449564,0.5330941917459088,19.47,0.25301482887987303
bandit,composite_time,4,2.07,2.043298656289154,0.36786736667020803,0.507619564435747,17.745,0.2222070977747837
bandit,composite_time,5,2.0775,2.0420819176828267,0.39294027790749353,0.5361374872550513,22.2875,0.249041458245963
bandit,composite_time,6,2.1725,2.145978477425432,0.3571068144758036,0.5025903647328502,19.7025,0.2119135351287874
bandit,composite_time,7,2.055,2.039022143789627,0.3850547619960614,0.5232622878352333,19.035,0.2361285749200683
bandit,composite_time,8,2.0625,2.0845367710142626,0.36466312867586226,0.515264179251469,17.8925,0.22235982528945097
bandit,composite_time,9,2.03,1.963300869050326,0.4047004037752048,0.5737602244111706,20.22,0.2697695453444896
bandit,composite_time,10,1.9825,1.9584218291465014,0.40938829950055167,0.5515923129882937,19.6275,0.26208386207788703
bandit,composite_time,11,2.1025,2.031111854746367,0.4019142479163822,0.5421935684540877,20.7675,0.2562441567774436
bandit,composite_time,12,2.0575,2.041746912169523,0.39187860294985205,0.5439293371014776,19.73,0.25407885150312487
bandit,composite_time,13,1.93,1.9019035240194873,0.3991487238285657,0.5669015479456938,19.555,0.2635971000698094
bandit,composite_time,14,2.065,1.9955500489891054,0.3838155328413787,0.528561465898385,21.935,0.23735582440407044
bandit,composite_time,15,1.9625,1.9540542184797625,0.39790762780838035,0.5638854637024676,20.13,0.26448024663255404
bandit,composite_time,16,2.075,2.077591168567906,0.3921193510151062,0.5192503483386102,20.2125,0.24024309728644178
bandit,composite_time,17,1.94,1.9299246439447657,0.3998886855258707,0.562636323023403,18.975,0.26682485820827184
bandit,composite_time,18,2.05,1.9739750284161477,0.4077897205116029,0.5655125900147695,22.085,0.27277498961548763
bandit,composite_time,19,2.0625,2.026155198215799,0.3956019881286518,0.5370733810840247,21.2,0.24982269177397304
bandit,composite_time,20,2.055,2.0066980750178582,0.3822378087314964,0.5454267857897075,20.2925,0.24152573848615255
bandit,composite_time,21,2.0675,2.066087819390359,0.38979603423673753,0.5202858511442606,16.005,0.23843844328919075
bandit,composite_time,22,2.0125,1.982927200260126,0.40086227445573713,0.5545670756425117,21.3175,0.25815150054992
bandit,composite_time,23,2.0625,2.0381180076569807,0.3730184326874238,0.5401072620948761,17.75,0.23009149012288535
bandit,composite_time,24,2.0775,2.0353674603029273,0.38242150645285133,0.5454783004244418,17.0125,0.24586042216931922
bandit,composite_time,25,2.0575,1.9969511506219915,0.4148578028466957,0.536626800357749,21.95,0.2634814721612567
bandit,composite_time,26,1.995,1.971653917108469,0.4004834601344468,0.5591824464722085,19.775,0.26670884552433244
bandit,composite_time,27,2.07,2.049478052754211,0.3770325673874386,0.53305144737488,21.1225,0.23407228084534804
bandit,composite_time,28,2.0975,2.0872461984876622,0.3847175418426903,0.5174074132937682,19.71,0.23114764498403642
bandit,composite_time,29,2.08,2.0329539902438007,0.38448192104741497,0.5486622402078015,20.34,0.24296210603009732
bandit,composite_time,30,2.015,1.9610963535437358,0.4031834765855862,0.5623746970577675,22.41,0.2645987226003315
pomdp,correctness,1,2.0275,2.012156779176527,0.4842905249175995,0.2893010402993732,15.6,0.4842905249175995
pomdp,correctness,2,1.985,2.0158507753599006,0.4701325294345575,0.26590491319740406,15.355,0.4701325294345575
pomdp,correctness,3,2.1175,2.132201399336081,0.4814891898299518,0.29685686835932357,21.0775,0.4814891898299518
pomdp,correctness,4,2.0925,2.0926739561447594,0.47382700287171786,0.2935405784607724,20.2625,0.47382700287171786
pomdp,correctness,5,2.1025,2.1179058814450347,0.4456983545416587,0.3167670650631801,20.7225,0.4456983545416587
pomdp,correctness,6,1.935,1.9585318193071515,0.46878026368045184,0.27479435281285725,18.58,0.46878026368045184
pomdp,correctness,7,2.0475,2.042560656493013,0.43605497297603857,0.28549012932769346,14.615,0.43605497297603857
pomdp,correctness,8,1.9275,1.9268025555464803,0.47202301079743364,0.2992508084638,19.245,0.47202301079743364
pomdp,correctness,9,1.9775,1.9881036235000424,0.4564419205335452,0.30854577218473805,18.8725,0.4564419205335452
pomdp,correctness,10,2.2025,2.1919834696637768,0.48187315619318594,0.2892981315499172,21.24,0.48187315619318594
pomdp,correctness,11,2.125,2.133856013108438,0.4618131517392194,0.3043184680740723,19.5475,0.4618131517392194
pomdp,correctness,12,2.03,2.0025080044059638,0.4604854970565736,0.33353987752490283,19.93,0.4604854970565736
pomdp,correctness,13,2.13,2.1478006057854953,0.4421999880148924,0.28588276533997853,17.315,0.4421999880148924
pomdp,correctness,14,2.065,2.1053529157792,0.4585033329698437,0.2872860679349746,16.245,0.4585033329698437
pomdp,correctness,15,1.96,1.9774570279590973,0.4501444463370137,0.3138310863916528,19.4325,0.4501444463370137
pomdp,correctness,16,2.14,2.142457000128551,0.4536861488463115,0.27620419212817926,20.0325,0.4536861488463115
pomdp,correctness,17,2.065,2.045797628445575,0.46978217388943366,0.28549777124385667,18.855,0.46978217388943366
pomdp,correctness,18,2.1275,2.145643585757972,0.49180719697444375,0.3061101735442856,21.59,0.49180719697444375
pomdp,correctness,19,2.0975,2.118344681606352,0.4756924407499049,0.30018517206317014,18.87,0.4756924407499049
pomdp,correctness,20,2.045,2.065001982459456,0.4629781448843449,0.2918604870461146,16.735,0.4629781448843449
pomdp,correctness,21,2.05,2.0767904445506615,0.45535467824732045,0.3006172669936531,19.6675,0.45535467824732045
pomdp,correctness,22,2.0575,2.0811677755545803,0.4535173700923741,0.2910611095816264,18.2325,0.4535173700923741
pomdp,correctness,23,2.0825,2.0790725208444827,0.46740775646816113,0.29546081311944145,16.4025,0.46740775646816113
pomdp,correctness,24,2.1125,2.12999914921572,0.47030750859267256,0.2825638162143675,16.71,0.47030750859267256
pomdp,correctness,25,2.095,2.108471617588507,0.4666160139012537,0.31172325240704746,19.325,0.4666160139012537
pomdp,correctness,26,2.0875,2.108132294029131,0.4769132147530446,0.309102021692491,21.1325,0.4769132147530446
pomdp,correctness,27,2.13,2.1514957364313414,0.4659255363644452,0.30650518375426583,19.68,0.4659255363644452
pomdp,correctness,28,2.035,2.03999665065835,0.44768833636406036,0.26560557075572044,17.64,0.44768833636406036
pomdp,correctness,29,2.0375,2.0324179899004515,0.4565367487854439,0.30546604485355133,18.5875,0.4565367487854439
pomdp,correctness,30,2.145,2.1264294412397238,0.47970197164987355,0.3022370909605213,20.44,0.47970197164987355
pomdp,engagement,1,1.8425,1.8787389978000157,0.421537042146935,0.5481756104798665,19.855,0.5481756104798665
pomdp,engagement,2,1.9475,1.998074646984515,0.3789512708091188,0.5337598319206343,17.3525,0.5337598319206343
pomdp,engagement,3,1.985,2.0167204862882957,0.4035447073970336,0.5348387728356547,17.095,0.5348387728356547
pomdp,engagement,4,1.8,1.8530028838383112,0.4098730276386495,0.5679264498561332,22.125,0.5679264498561332
pomdp,engagement,5,1.89,1.9628786243254337,0.41625187989358897,0.5684339597477468,22.12,0.5684339597477468
pomdp,engagement,6,1.9275,1.965046287338605,0.3985545272469038,0.5407553878049481,18.8425,0.5407553878049481
pomdp,engagement,7,1.855,1.8824119534683623,0.40856325595184045,0.5607712132224877,19.265,0.5607712132224877
pomdp,engagement,8,1.9825,2.0406713063688566,0.38366181749185846,0.5026585751608955,19.035,0.5026585751608955
pomdp,engagement,9,1.8275,1.891269560316107,0.4066514894109383,0.5330164939170932,18.855,0.5330164939170932
pomdp,engagement,10,1.92,1.9352146131379515,0.40641357028151676,0.5640020127572064,21.0125,0.5640020127572064
pomdp,engagement,11,1.9175,1.9739797783441297,0.40161803393794926,0.5679819097992644,21.7575,0.5679819097992644
pomdp,engagement,12,1.845,1.894760555341201,0.42071741689542647,0.5684977963456082,20.2025,0.5684977963456082
pomdp,engagement,13,1.9325,1.9693916318954894,0.4176950889099753,0.5345346639165321,18.535,0.5345346639165321
pomdp,engagement,14,1.8225,1.8600204693840938,0.3934556125696729,0.5136515967663984,18.6225,0.5136515967663984
pomdp,engagement,15,1.7825,1.839623198689942,0.41652269728859515,0.5616549074548158,22.7175,0.5616549074548158
pomdp,engagement,16,1.8875,1.9249017008813447,0.415440838545804,0.5626312918979653,18.235,0.5626312918979653
pomdp,engagement,17,1.85,1.9055354560452502,0.4221483295282022,0.5679278219538364,21.13,0.5679278219538364
pomdp,engagement,18,1.86,1.8916600662668341,0.4079021718600231,0.5533272985294705,22.855,0.5533272985294705
pomdp,engagement,19,1.9525,1.9688570376725592,0.4136208350221428,0.5666435093508203,23.155,0.5666435093508203
pomdp,engagement,20,1.8675,1.9080206428960593,0.4070219647464377,0.5580466767357292,18.55,0.5580466767357292
pomdp,engagement,21,1.915,1.9385478366776852,0.42177691700956976,0.5513416382464029,19.9675,0.5513416382464029
pomdp,engagement,22,1.955,1.99224958971707,0.3996915229183962,0.5467572395927265,18.615,0.5467572395927265
pomdp,engagement,23,1.8325,1.9088399212738916,0.42275440888739707,0.5492059704221244,18.165,0.5492059704221244
pomdp,engagement,24,1.9725,2.0033210329646693,0.40408084706928127,0.541843075346839,19.6675,0.541843075346839
pomdp,engagement,25,1.885,1.9298980165502626,0.3919339967673996,0.5205760049310835,18.6775,0.5205760049310835
pomdp,engagement,26,1.9775,2.0366153383471532,0.3938914307519738,0.5435885072221613,19.8025,0.5435885072221613
pomdp,engagement,27,1.9725,2.032369532969911,0.3827605097717365,0.5153261547563885,17.5,0.5153261547563885
pomdp,engagement,28,1.9325,2.0030350388098843,0.39338177821494213,0.5229388087885001,18.045,0.5229388087885001
pomdp,engagement,29,1.8275,1.8928890905081195,0.422454360022449,0.5614672327911735,20.03,0.5614672327911735
pomdp,engagement,30,1.8825,1.9496651791958721,0.4213356278510767,0.5597624160020355,22.92,0.5597624160020355
pomdp,composite,1,2.01,2.0352602363425825,0.48015362565378206,0.4433575365524095,16.83,0.46911479892337027
pomdp,composite,2,2.0825,2.1192330661786007,0.4442902228462412,0.4569521706796886,18.0875,0.44808880719627536
pomdp,composite,3,2.16,2.190872516350765,0.44718112021652673,0.4489762371373229,15.08,0.4477196552927655
pomdp,composite,4,2.0675,2.0775658888254838,0.4734834191525124,0.47026368875997177,17.6175,0.47251750003475024
pomdp,composite,5,1.9775,2.021673089837781,0.4606994127260285,0.4499741015748427,19.52,0.45748181938067267
pomdp,composite,6,1.885,1.9124208301374455,0.46324966455059224,0.459101746207685,17.5075,0.46200528904772
pomdp,composite,7,1.985,2.011848131167688,0.489292747284367,0.4482057100313314,17.795,0.47696663610845635
pomdp,composite,8,2.04,2.063719991133757,0.4719020429304115,0.47331618804834164,18.8475,0.47232628646579045
pomdp,composite,9,2.0075,2.0041167858621525,0.45607117369826644,0.4584587795147613,16.7575,0.45678745544321486
pomdp,composite,10,2.0175,2.047919193439332,0.45103387051711963,0.4501542938633463,14.86,0.45076999752098756
pomdp,composite,11,1.965,2.03369649482346,0.48334436377848133,0.4829157862632638,19.6575,0.4832157905239161
pomdp,composite,12,2.0625,2.1074495600596923,0.4517470003015573,0.444728356073898,15.3825,0.44964140703325944
pomdp,composite,13,2.015,2.054197989295391,0.45208810503794533,0.46128103012276056,17.3775,0.4548459825633898
pomdp,composite,14,2.0325,2.0322108475616485,0.47305560724674833,0.44448089712206845,17.72,0.46448319420934436
pomdp,composite,15,2.0525,2.0809697874082214,0.4724263835035218,0.43768367003501857,16.9325,0.4620035694629708
pomdp,composite,16,2.015,2.0294232499143243,0.46402331322513196,0.438516824911849,16.1325,0.4563713667311471
pomdp,composite,17,1.945,1.9726063399559535,0.46338761686238017,0.4400578965750772,15.7525,0.4563887007761893
pomdp,composite,18,2.0975,2.1110945355409974,0.4577179891572609,0.4698188772440103,16.6175,0.46134825558328574
pomdp,composite,19,2.03,2.0546756920657514,0.49048042586619844,0.45897128069968945,15.9425,0.4810276823162458
pomdp,composite,20,1.925,1.9597210056271412,0.46278990308164397,0.4538796338636435,15.91,0.4601168223162438
pomdp,composite,21,1.975,2.000985954603411,0.48834738189419197,0.4218694137253495,15.6875,0.46840399144353917
pomdp,composite,22,2.0375,2.074850506589499,0.44818847995226735,0.4334111283877804,15.7925,0.4437552744829212
pomdp,composite,23,1.945,1.9729519390999446,0.48001180792631404,0.4693629587844106,16.6475,0.476817153183743
pomdp,composite,24,1.8725,1.857628638519629,0.47860478211342483,0.44988899832473905,18.2775,0.46999004697681906
pomdp,composite,25,2.055,2.081619212839136,0.47560668786875465,0.44755132850511203,16.555,0.4671900800596619
pomdp,composite,26,1.98,1.9862425253026277,0.48955617908026755,0.47001940219045296,16.96,0.4836951460133232
pomdp,composite,27,1.885,1.9277068224816423,0.46917680860121097,0.44240494305146477,17.8025,0.4611452489362871
pomdp,composite,28,1.955,1.9968676234823313,0.49107949123160904,0.4862913034803054,19.1075,0.48964303490621797
pomdp,composite,29,2.045,2.0861211194663447,0.44528400483082875,0.43961034828223633,16.79,0.443581907866251
pomdp,composite,30,2.0725,2.1306724242588273,0.4605216604643631,0.47810577815429606,17.0575,0.46579689577134303
pomdp,knowledge_gain,1,2.155,2.1870598680479905,0.4756270120036,0.31167879972916634,20.8325,0.5070367334135952
pomdp,knowledge_gain,2,2.08,2.091301708413616,0.46954751849179827,0.3042159047252009,22.23,0.5086007647019035
pomdp,knowledge_gain,3,2.1125,2.101662733439268,0.4701835551122601,0.2906795672800067,19.1575,0.5117464546663123
pomdp,knowledge_gain,4,2.045,2.073382300613336,0.47680776649243506,0.29431224473518497,17.7375,0.5136423911688466
pomdp,knowledge_gain,5,2.1375,2.1603088466137037,0.4475906651150734,0.30868000947543595,21.2075,0.4769109160736511
pomdp,knowledge_gain,6,2.005,2.029159896979316,0.47488231821343035,0.2598650909559668,17.5275,0.5068109371076555
pomdp,knowledge_gain,7,2.1575,2.157907887797373,0.4452083194538027,0.31244483744445956,18.5875,0.47701944430985577
pomdp,knowledge_gain,8,2.1575,2.1868922883741084,0.46576805407344707,0.32640509020312325,22.635,0.49825259116065884
pomdp,knowledge_gain,9,2.1225,2.1290470205846166,0.4767823472649745,0.29708244269702017,19.51,0.5067199828189526
pomdp,knowledge_gain,10,2.09,2.1086096741043114,0.4539299201384462,0.2971410729859744,19.635,0.4810075651869795
pomdp,knowledge_gain,11,2.055,2.079002961457683,0.4700367620024426,0.2911275944427284,17.29,0.4981402046627182
pomdp,knowledge_gain,12,2.1175,2.1266594619089143,0.46791056167369816,0.303761213410956,21.5025,0.5032796183661278
pomdp,knowledge_gain,13,2.1025,2.15009986116628,0.4641789485862471,0.2725884174596691,22.5275,0.49177093822034723
pomdp,knowledge_gain,14,2.07,2.051002025857002,0.4497172895119009,0.28838818207441747,19.56,0.48517123554642383
pomdp,knowledge_gain,15,2.1975,2.1922865093769404,0.48183839688961555,0.28349141388392524,18.8,0.5197093414305254
pomdp,knowledge_gain,16,2.055,2.057560436457992,0.49605269491546855,0.2848813885963988,18.425,0.5307096006748382
pomdp,knowledge_gain,17,2.1725,2.146661892670697,0.4471171285743168,0.31354788484380025,20.1,0.48485216013489363
pomdp,knowledge_gain,18,2.15,2.181810186555482,0.4789064626361729,0.28124676412370214,19.6,0.5113020972655323
pomdp,knowledge_gain,19,2.0975,2.0840132242628693,0.49366243667546555,0.29873084241576925,20.27,0.5232901741413006
pomdp,knowledge_gain,20,2.0425,2.0325063042336184,0.4542218784547071,0.2807149754238202,18.7975,0.4904324609364724
pomdp,knowledge_gain,21,2.0325,2.093815352549928,0.45695610515601925,0.3159461022070127,16.4225,0.4906936907463115
pomdp,knowledge_gain,22,2.155,2.199303368579958,0.4729946269215506,0.28050987045661074,19.5325,0.5123965813756632
pomdp,knowledge_gain,23,2.11,2.123017116123934,0.4610839768216479,0.2935266272348899,19.7,0.49588121734657803
pomdp,knowledge_gain,24,2.09,2.092514226221374,0.46406935027827323,0.2743754948328172,18.035,0.4948570321452897
pomdp,knowledge_gain,25,2.1375,2.117695764250377,0.4907520429634954,0.3049256052438607,22.4375,0.5282301669352988
pomdp,knowledge_gain,26,2.1375,2.1512574157474194,0.47593339783486627,0.2858349814434422,17.7075,0.5140496382823762
pomdp,knowledge_gain,27,2.0925,2.077936119766471,0.4901810680633285,0.31178129269926275,17.775,0.5246881250301431
pomdp,knowledge_gain,28,2.0175,2.0453927078057,0.46821654418738357,0.29910192337625574,20.595,0.4987776960414935
pomdp,knowledge_gain,29,2.0225,2.0427545778708303,0.4840782118991537,0.2615523966236568,19.49,0.5215007114635565
pomdp,knowledge_gain,30,1.99,1.9957771068524623,0.47068979288101104,0.29007336379706933,19.0375,0.5122017159133712
pomdp,learning_progress,1,1.9525,1.929259824876485,0.454608954895661,0.2774357203362508,16.59,0.6306583810826987
pomdp,learning_progress,2,2.18,2.168865728534126,0.4737192729240758,0.3119579748204267,21.61,0.6409069282179235
pomdp,learning_progress,3,2.0675,2.0920232408335124,0.4647505097371213,0.2963930647809543,20.66,0.6336564083913909
pomdp,learning_progress,4,2.1125,2.146850539449778,0.4503793654563622,0.30204373325155054,19.8775,0.608793189676522
pomdp,learning_progress,5,2.015,2.0440053440278025,0.4608330769074124,0.29143659838118363,16.33,0.6446003620539762
pomdp,learning_progress,6,2.1225,2.1440389573756757,0.43164565027877905,0.3015892171192787,17.7825,0.5787964408696266
pomdp,learning_progress,7,2.0,2.0387631839593867,0.43835430856214685,0.2703259075702155,15.7025,0.6042312512703902
pomdp,learning_progress,8,2.1475,2.142268848031859,0.4685954105382089,0.2943944662287399,16.2125,0.6472925817278393
pomdp,learning_progress,9,2.125,2.1412215365744167,0.4796541825896209,0.300726854467794,19.835,0.6520699683715074
pomdp,learning_progress,10,2.08,2.105897956235076,0.4546799274417198,0.2900164411576926,17.8,0.6225424311634385
pomdp,learning_progress,11,2.0575,2.0943831907921258,0.46334454377279904,0.2789259103220856,15.135,0.6541809110205606
pomdp,learning_progress,12,2.14,2.1404054950476232,0.4850057786977649,0.3163343513195345,20.2775,0.652914930337989
pomdp,learning_progress,13,2.14,2.1343085481181236,0.46593257418938605,0.2956859705378687,17.88,0.643374612799493
pomdp,learning_progress,14,2.1225,2.12125799483014,0.48549913820889384,0.31304075264518894,18.1275,0.6651046610438783
pomdp,learning_progress,15,2.0225,2.0754626998104544,0.4646896197017833,0.30336595503636676,16.8225,0.6352683780841023
pomdp,learning_progress,16,2.0975,2.078499062803889,0.45255557860913403,0.2901343436546105,17.475,0.6253117952445412
pomdp,learning_progress,17,2.22,2.20027914344992,0.471434273036663,0.30221218445542014,19.425,0.6398663383945516
pomdp,learning_progress,18,2.185,2.2054630897683425,0.4739210433132131,0.2955382595022025,19.075,0.6488584979574352
pomdp,learning_progress,19,2.02,2.041868938741473,0.4867236665369632,0.29579349206046435,19.09,0.6737331961605676
pomdp,learning_progress,20,1.905,1.9047174353021188,0.45183202771231423,0.3031518676230053,16.5325,0.6211141842454123
pomdp,learning_progress,21,1.99,1.9937580769272298,0.45050501994612707,0.2872031234757139,18.68,0.6166683124542945
pomdp,learning_progress,22,1.995,2.010348636520552,0.4464739232280924,0.2636465893075298,17.3475,0.6240598369750225
pomdp,learning_progress,23,2.03,2.0279289312969446,0.45852279501108617,0.27635177435831126,14.5725,0.6427989216193535
pomdp,learning_progress,24,2.03,2.046131540049945,0.45497599822438317,0.30739530361435974,22.755,0.6072855995096597
pomdp,learning_progress,25,2.005,1.9990704803814987,0.4676247234571921,0.29067806765389737,18.365,0.6431357907214
pomdp,learning_progress,26,2.0075,1.9930145267392458,0.5126585552719556,0.31721457359112304,25.4925,0.6911559674622435
pomdp,learning_progress,27,2.1375,2.160220338873293,0.48998531025020226,0.2790968859798512,21.2325,0.6792221400228874
pomdp,learning_progress,28,2.0025,2.0286473532536458,0.453793327582467,0.2998851579707757,17.105,0.6233569885342783
pomdp,learning_progress,29,2.1,2.108456607658805,0.4823592125550733,0.29345593009384596,17.7425,0.6629754957154611
pomdp,learning_progress,30,2.2075,2.1915023924093586,0.48973993946195776,0.30079745439915884,19.05,0.6794401122615545
pomdp,composite_time,1,2.005,2.009172231000469,0.45963084113193475,0.453080875596386,15.4025,0.2847241553369166
pomdp,composite_time,2,2.0675,2.114249272652481,0.46828009181546176,0.45361219724132384,14.1925,0.28911685285578925
pomdp,composite_time,3,1.9425,1.9864623675383746,0.4495526336575949,0.45916166455409835,16.645,0.2830193307833919
pomdp,composite_time,4,1.99,2.0252116934900792,0.4622932623194056,0.4515692673994742,15.635,0.2884584574808673
pomdp,composite_time,5,2.065,2.0919373465501367,0.4715269118061889,0.46240490200568557,17.5475,0.29458573984300096
pomdp,composite_time,6,1.9,1.9467592138957222,0.4525441771960655,0.4513297031765622,16.5625,0.28167707831129385
pomdp,composite_time,7,2.1075,2.1328765906572538,0.4603427601275585,0.45499217829232586,17.705,0.28759642393034196
pomdp,composite_time,8,2.0475,2.062482836597521,0.4588840094744293,0.43849079466187235,16.58,0.28292890120881686
pomdp,composite_time,9,1.9475,2.0019244566582213,0.470271318588467,0.4635224322270496,17.685,0.3017871123438817
pomdp,composite_time,10,1.895,1.9263289085626412,0.47760805728954236,0.4677955577131287,14.575,0.3112794126692284
pomdp,composite_time,11,2.0925,2.132132449675631,0.45872865470313884,0.46993110716759917,14.295,0.28935324441471916
pomdp,composite_time,12,1.965,1.9944184740029238,0.47325527414405855,0.4753879096916735,16.68,0.3016770942595062
pomdp,composite_time,13,1.9575,1.988193451187023,0.470441517565957,0.4625075664860349,17.6825,0.29775859109496255
pomdp,composite_time,14,1.9875,2.030117677514481,0.46262478635697835,0.4517296258771645,18.18,0.28800060788206283
pomdp,composite_time,15,2.0025,2.0090633644720475,0.4832919762329712,0.47017946398730837,16.2675,0.31252109327478833
pomdp,composite_time,16,2.0875,2.118446310865141,0.4537536513678696,0.4960867430539458,15.93,0.29411173531928353
pomdp,composite_time,17,1.9775,1.9902553938814014,0.46233600846767386,0.46164549615238754,15.2625,0.29079042484660494
pomdp,composite_time,18,1.95,2.004401765315647,0.4659957725221876,0.48575504256250185,17.65,0.3039370617262904
pomdp,composite_time,19,2.0625,2.0816763733152515,0.48016112579583053,0.4158986444025055,15.7675,0.2881583273763341
pomdp,composite_time,20,1.935,1.9872256713803034,0.4878991725002422,0.4612713440086228,15.715,0.31013923723330655
pomdp,composite_time,21,1.99,2.0233705710671885,0.45321978383593403,0.44387145419628693,18.495,0.27580528312515823
pomdp,composite_time,22,2.0975,2.109761872417815,0.46013581346842786,0.4480398077652918,15.23,0.289428270726945
pomdp,composite_time,23,2.09,2.1148503534812293,0.4490817294387091,0.4590208161747612,14.955,0.27951891121374595
pomdp,composite_time,24,1.9925,2.0595694297599483,0.4520338286939274,0.4312536372618848,15.7325,0.27632081164736505
pomdp,composite_time,25,1.905,1.9354610667178236,0.4849512782349906,0.44945933773519087,18.1725,0.3029428788918242
pomdp,composite_time,26,1.985,2.005844231545389,0.48661139608475534,0.45423983551013697,16.0625,0.30832434361502914
pomdp,composite_time,27,2.0425,2.113464911843412,0.4404027884692246,0.47750368637137924,17.4225,0.28064553174076656
pomdp,composite_time,28,2.0225,2.041002002526399,0.460213930583912,0.4816355590568502,16.3275,0.2954237730145296
pomdp,composite_time,29,1.9975,2.0044494614102324,0.46669152602317693,0.4549882135005776,16.7575,0.2929204579856642
pomdp,composite_time,30,2.0125,2.0306679945187187,0.43300667338472787,0.4615479423607176,17.37,0.2720477793474005
oracle,correctness,1,3.01,2.821255780662055,0.8233078708106502,0.2366739394439605,59.3,0.802909513566023
oracle,correctness,2,3.055,2.826970709811228,0.831902793312508,0.2644969415442137,68.975,0.8073126955417329
oracle,correctness,3,3.0425,2.8557767535228966,0.8250476228646708,0.25270934269795736,66.2075,0.8044109842708506
oracle,correctness,4,2.8725,2.636137060460547,0.8261730348028405,0.2702849349570021,62.1225,0.797998838565524
oracle,correctness,5,2.865,2.6536416742288482,0.8272612478068416,0.2596376896232695,62.805,0.8002714521066119
oracle,correctness,6,2.8725,2.71539443292194,0.830568005535295,0.2477557777618469,66.05,0.8113461327104988
oracle,correctness,7,2.8825,2.67720911369261,0.8164319322333696,0.25892455175331447,62.4375,0.794342296622847
oracle,correctness,8,2.7925,2.597721945021698,0.8217445815652172,0.25894561353090134,52.915,0.7956351219678882
oracle,correctness,9,2.8875,2.7490415906485692,0.8289450687727701,0.24350637938499273,65.6025,0.803014517089666
oracle,correctness,10,2.8925,2.6654014487562483,0.8412402601487858,0.25750181192291877,63.92,0.807611414255544
oracle,correctness,11,3.005,2.8283517129582845,0.8322701853259296,0.2731351489946723,70.7125,0.8093381390860657
oracle,correctness,12,3.005,2.8520830643213144,0.8195517273780304,0.22834508413226118,65.3425,0.8069634298928718
oracle,correctness,13,2.9675,2.807617927067311,0.8348381031149539,0.2439271048645132,66.565,0.8253250498162678
oracle,correctness,14,2.9125,2.6888446352377655,0.8346543516435395,0.26355121755736904,63.245,0.8042573215808179
oracle,correctness,15,2.905,2.688086527340794,0.8325802181033368,0.2663116926355978,65.9125,0.8116840020708733
oracle,correctness,16,3.0025,2.8213338646228694,0.8238425112704814,0.25857286966127324,68.385,0.8122230456900235
oracle,correctness,17,2.9375,2.756840747408864,0.829267650575132,0.2584794296516781,67.5725,0.8078713700108301
oracle,correctness,18,3.0325,2.8286372452966453,0.8380898316682103,0.24414597190087278,64.64,0.8193984055072926
oracle,correctness,19,2.8575,2.677572048842709,0.8214040612861301,0.2474128238228663,62.7025,0.8089287313194292
oracle,correctness,20,3.0325,2.8249213058178957,0.8235267173527656,0.2703108414097595,69.21,0.8158637447063306
oracle,correctness,21,2.93,2.7184805628012225,0.841975317707174,0.26197349735997427,63.225,0.8073590220988782
oracle,correctness,22,2.98,2.7780728486924704,0.8140981741259536,0.2504703073119032,62.895,0.8026534863564863
oracle,correctness,23,3.035,2.8064195992645478,0.8472036790267407,0.2557755455115291,64.1525,0.8018475841185677
oracle,correctness,24,2.9425,2.7407293787475844,0.8194679767650865,0.25092586667754596,60.3,0.8095601459121232
oracle,correctness,25,2.8725,2.6823748107593715,0.8296082538586569,0.2649905040145931,60.0075,0.806348429189879
oracle,correctness,26,2.92,2.734534518468232,0.8281224285498742,0.25744596069467224,62.5275,0.8057665736653226
oracle,correctness,27,2.99,2.813684655497624,0.8109258722083257,0.25647090165315267,70.085,0.8172471341464796
oracle,correctness,28,2.8875,2.682975372285425,0.8367601933689719,0.266456014372068,62.6875,0.8059306995635152
oracle,correctness,29,3.0425,2.783811099030512,0.8489450010687031,0.2557672863349866,62.29,0.8138854096130297
oracle,correctness,30,2.99,2.7965488624887267,0.8283669442433819,0.2560124632553019,59.4125,0.8011452342052087
oracle,engagement,1,1.76,1.9077428781080399,0.45480560443683926,0.9376522673499923,27.775,0.9208697348999693
oracle,engagement,2,1.7625,1.8917603990648035,0.46648254891840324,0.9308257890428431,27.9675,0.9118974756715065
oracle,engagement,3,1.71,1.8392147965258356,0.45060277178647806,0.9330095433814365,24.095,0.9148720757658388
oracle,engagement,4,1.7875,1.943200234579046,0.4623470227779365,0.9368696297972293,26.8725,0.9190609631140044
oracle,engagement,5,1.775,1.9161289166569202,0.4687114105351307,0.9402867323116318,29.0625,0.9216117004535718
oracle,engagement,6,1.65,1.7637492015732439,0.4582225559350266,0.9379819430475816,26.0875,0.9200196375223098
oracle,engagement,7,1.7925,1.9167162596961334,0.45151553297138564,0.9320843702462698,27.37,0.911492960469385
oracle,engagement,8,1.705,1.8374398850928713,0.4576078580218359,0.9386854231409116,27.4625,0.9202921401499289
oracle,engagement,9,1.78,1.8935079971428797,0.46869166406554996,0.9384830150676686,30.3675,0.9192391372480639
oracle,engagement,10,1.72,1.868891575191321,0.4619449328456335,0.9342144177007612,29.6125,0.9110185117021712
oracle,engagement,11,1.755,1.880829618891857,0.45713981328939207,0.9368143151954156,29.91,0.9155429558956146
oracle,engagement,12,1.7225,1.8766446873341627,0.46138470648089713,0.9390146325796976,30.365,0.9148991814325913
oracle,engagement,13,1.6625,1.8105172552260447,0.4749441036358108,0.9323121907467333,30.04,0.9088551474882668
oracle,engagement,14,1.6175,1.7619670175546553,0.4803938420630297,0.9352744877144781,31.0375,0.9180678063707299
oracle,engagement,15,1.7575,1.8738316314546142,0.474563134770186,0.941000354252489,32.41,0.9223274599146315
oracle,engagement,16,1.635,1.7490063147431059,0.4522495306273815,0.9292073744574469,25.06,0.9124872532146787
oracle,engagement,17,1.735,1.911053304432345,0.4672822811815547,0.9411131017611473,30.145,0.9220922731411829
oracle,engagement,18,1.865,2.0299433039285053,0.4640645102938907,0.9364663430143361,31.18,0.9148270055852049
oracle,engagement,19,1.6975,1.8728068009235972,0.45824471618637475,0.9359057633852556,30.86,0.9148266647031682
oracle,engagement,20,1.685,1.8474552223231342,0.45642069062492835,0.9381041629566376,28.13,0.9149317368983922
oracle,engagement,21,1.77,1.9289112759679108,0.45382334968307,0.9365299504134412,27.795,0.9146592755340511
oracle,engagement,22,1.6075,1.773093584655532,0.47613895945617757,0.9341186857550535,29.115,0.9165990174812384
oracle,engagement,23,1.7975,1.8980799757406075,0.4768186945931576,0.9373803444747455,25.8475,0.9212666562269601
oracle,engagement,24,1.86,2.018373807700472,0.4365930407982725,0.9335745844886112,26.265,0.913199681219908
oracle,engagement,25,1.645,1.7891285808344584,0.4687059152617205,0.9373490981903393,27.6325,0.9190669671615928
oracle,engagement,26,1.63,1.7750753960994399,0.4860193918484118,0.9377260681421927,34.52,0.9142418184150416
oracle,engagement,27,1.785,1.9364374250900596,0.4699202818427324,0.9416094893893553,26.585,0.9196341163975652
oracle,engagement,28,1.66,1.7887956849334403,0.46780273334756417,0.9381920167281729,27.3625,0.9193874280515493
oracle,engagement,29,1.875,2.0079847376334397,0.43936111948897844,0.9315789140590942,25.9475,0.910303778157961
oracle,engagement,30,1.73,1.8597634833496495,0.47999232450898704,0.9444245276513444,30.9375,0.9234645718065742
oracle,composite,1,2.5425,2.522655788309379,0.6462804551927377,0.6189836356933686,66.335,0.6626752941533443
oracle,composite,2,2.64,2.589471265021709,0.6860182190643112,0.5790943087024931,73.0675,0.676513027993955
oracle,composite,3,2.5525,2.521772612690634,0.6639080235963416,0.5908717163137536,64.1825,0.6654148334978064
oracle,composite,4,2.625,2.587688030625779,0.6813274542761811,0.5838927443734603,66.55,0.6686503984259994
oracle,composite,5,2.47,2.497082388644003,0.6468963723508202,0.6139778712313841,65.985,0.6667691017571145
oracle,composite,6,2.52,2.4792804172150484,0.6535854831283595,0.6099485816932063,69.47,0.6674274199818258
oracle,composite,7,2.7125,2.6710260854666346,0.677189738249466,0.5714728080564204,70.88,0.6685892930574598
oracle,composite,8,2.62,2.5978706213664835,0.6941688620461965,0.561426034575897,74.46,0.6746516555325186
oracle,composite,9,2.4725,2.4177274098886703,0.662730461480549,0.611300294462985,65.3075,0.6715034211876908
oracle,composite,10,2.5925,2.5613985497930845,0.6524389654834942,0.5846827938368956,63.2475,0.6544011798754099
oracle,composite,11,2.545,2.492680727317741,0.6730936910575335,0.5750459785638644,66.0225,0.6618289756137957
oracle,composite,12,2.555,2.5148364476116116,0.6688655739195752,0.5804348327146721,72.56,0.6683296601989912
oracle,composite,13,2.51,2.467097092446622,0.6758840346315583,0.588019264418055,71.1775,0.6661864117566537
oracle,composite,14,2.5825,2.569778352034266,0.6716027658324757,0.5879339818618164,70.025,0.666559922499202
oracle,composite,15,2.5775,2.5246390581118208,0.6772194163794643,0.5774825395002293,70.9225,0.6749394493628651
oracle,composite,16,2.625,2.5417593301116823,0.6748666346832295,0.5679047439504815,74.515,0.6694581547247245
oracle,composite,17,2.475,2.438397231773345,0.660983526403816,0.6283803485000597,65.3625,0.675253270484683
oracle,composite,18,2.5625,2.555844924660155,0.6804300447909339,0.5752521755177523,69.455,0.6674725466341752
oracle,composite,19,2.435,2.4187850342313526,0.6630335117034564,0.6071695794411426,62.525,0.6674732161509234
oracle,composite,20,2.5225,2.494511358994561,0.6746924779593013,0.6054238039295324,70.6925,0.6818353426787263
oracle,composite,21,2.545,2.4820927110620232,0.6840122512085267,0.5486355880135091,70.15,0.6619815841558896
oracle,composite,22,2.515,2.4646908271493655,0.6478076999656046,0.6077248112378474,61.375,0.6655639689935563
oracle,composite,23,2.445,2.442784096669193,0.6617521541984701,0.6101974895341457,68.6925,0.67075339016667
oracle,composite,24,2.6975,2.655777748602805,0.6824809661532331,0.5454180731815409,75.9575,0.6626335663651637
oracle,composite,25,2.5225,2.5076458947146203,0.6640230835957215,0.5804745382616677,65.85,0.657700546935258
oracle,composite,26,2.5875,2.5870748390683604,0.6949789037584034,0.5758268581100364,73.6425,0.6821783680417923
oracle,composite,27,2.48,2.461818062912979,0.6614065588953463,0.6029668957825794,66.135,0.6705825727840863
oracle,composite,28,2.645,2.576634997787851,0.6868010771869157,0.5791937535378442,74.3875,0.6701125195361616
oracle,composite,29,2.575,2.508504988902398,0.6831039912736634,0.5801703722573411,76.395,0.6778353907420037
oracle,composite,30,2.5375,2.5233619649272025,0.6762422542503722,0.609801300142829,74.2175,0.6801055884909863
oracle,knowledge_gain,1,2.8925,2.451986931087644,0.6717327937403411,0.19093300325148563,11.1375,0.6439170935758395
oracle,knowledge_gain,2,2.9325,2.4974557727157545,0.6237787263367867,0.19631411680249777,11.21,0.6225779850110105
oracle,knowledge_gain,3,2.9425,2.444793068056884,0.653585981298012,0.21524718460490078,11.495,0.6445566076951091
oracle,knowledge_gain,4,2.9325,2.4721468636535513,0.6582729695170941,0.19603153232863146,11.5175,0.664312505368861
oracle,knowledge_gain,5,2.95,2.4872209495319573,0.6293885892528691,0.2118783457271866,12.3,0.6204304283650676
oracle,knowledge_gain,6,2.9175,2.4927950673905293,0.6387044633266699,0.19580338819898188,10.155,0.6139209177000433
oracle,knowledge_gain,7,2.82,2.3247502453685125,0.6651241662438033,0.21363924552064595,11.345,0.6669151998111681
oracle,knowledge_gain,8,2.95,2.412563661834532,0.6552768964232899,0.21503143064478789,12.1375,0.6266631867506441
oracle,knowledge_gain,9,2.9725,2.5294956610672945,0.6202961086326642,0.19336581810304895,11.59,0.6052000593187176
oracle,knowledge_gain,10,2.875,2.4280336666767175,0.6428521999531606,0.20140877724526837,11.73,0.6600059939487954
oracle,knowledge_gain,11,2.915,2.3930171873286095,0.6528477648197096,0.218392236336235,13.84,0.6382412413374643
oracle,knowledge_gain,12,2.9475,2.47721227984729,0.6319248547667189,0.21377092299406222,12.26,0.6193796171269046
oracle,knowledge_gain,13,2.9725,2.452202098161138,0.6572652968193294,0.2131547953467246,12.6575,0.6435182413495518
oracle,knowledge_gain,14,2.91,2.4486443168260235,0.6342914350279284,0.20325128820978888,12.595,0.6481565747464128
oracle,knowledge_gain,15,2.825,2.372849849654878,0.6231535971635316,0.2189053211606759,11.4075,0.6508856752499903
oracle,knowledge_gain,16,2.9225,2.4220089150936825,0.6553753158770605,0.2148344058827098,12.765,0.6440529494287026
oracle,knowledge_gain,17,2.9175,2.4984793596537416,0.6198037728574287,0.20014705781898592,12.81,0.6279367695381289
oracle,knowledge_gain,18,2.895,2.389848302322025,0.647984079012775,0.21476775856351973,12.0875,0.6450258303903089
oracle,knowledge_gain,19,2.8375,2.420888291056878,0.6767745861995883,0.17980527404219215,11.625,0.6758985788797963
oracle,knowledge_gain,20,2.9375,2.4602553614124307,0.628863594957535,0.20894528420169606,12.425,0.638425318585947
oracle,knowledge_gain,21,3.035,2.578063640901662,0.604142125777275,0.18821240874118048,11.2925,0.5937562700512976
oracle,knowledge_gain,22,2.965,2.515660445556398,0.6201426893064249,0.18787396482193983,12.87,0.6247092912219121
oracle,knowledge_gain,23,2.97,2.5345117633005114,0.6294302677684304,0.20553483995207386,11.5875,0.5951690398166265
oracle,knowledge_gain,24,2.9225,2.4705605422844146,0.6118773479794285,0.19718524086591485,10.79,0.6137080547350848
oracle,knowledge_gain,25,3.055,2.5017189917906624,0.6257546480777354,0.20054309843788742,13.485,0.6283279268867175
oracle,knowledge_gain,26,2.9375,2.476287766238658,0.6390264883382079,0.1944846441560404,11.6875,0.6308436948934606
oracle,knowledge_gain,27,3.0425,2.6268804215224475,0.6201196575381653,0.16370899833193867,10.145,0.589790771479648
oracle,knowledge_gain,28,2.905,2.374890867729248,0.6579675959805139,0.22697989997404966,12.07,0.6579391875313175
oracle,knowledge_gain,29,3.0025,2.4960793389031606,0.642542821254967,0.19933461836099803,11.82,0.6360797830153716
oracle,knowledge_gain,30,2.985,2.528398040200806,0.613383075746912,0.18807308287836844,11.7175,0.6181011624448542
oracle,learning_progress,1,3.0,2.826105960653266,0.8159675262282393,0.25961465008082046,67.8975,1.0630844512167485
oracle,learning_progress,2,2.955,2.7538299337347176,0.8183492729061197,0.24801335630960714,63.705,1.0651041526373584
oracle,learning_progress,3,3.0475,2.891286427647387,0.8403284154637055,0.24088642629572618,67.78,1.0834901711808334
oracle,learning_progress,4,2.9625,2.7411543232906634,0.8151498118149232,0.23798427809668166,58.765,1.0702918383327773
oracle,learning_progress,5,2.8425,2.6030588256371674,0.8172350320679698,0.28664515570747556,65.1575,1.0334351516200806
oracle,learning_progress,6,2.9,2.713568559450376,0.8373759714460454,0.23942462998293657,58.415,1.093700498992743
oracle,learning_progress,7,3.1125,2.9191129835255105,0.8416874570218126,0.2536165887536133,72.045,1.0720629047828185
oracle,learning_progress,8,2.8925,2.6656320083771186,0.8499036720604426,0.26295135190167634,67.8175,1.075339703587771
oracle,learning_progress,9,2.965,2.7871081418609607,0.8361762128220191,0.2560870438926567,71.9525,1.055785267792091
oracle,learning_progress,10,2.7825,2.585811292225185,0.825862794776723,0.2736550600537132,62.4825,1.060074789227898
oracle,learning_progress,11,2.925,2.722143648913908,0.8150880675079467,0.25791277723588485,68.05,1.0459326866816836
oracle,learning_progress,12,2.855,2.6408722487862946,0.8343576105637328,0.2800698515540843,63.02,1.0633634412244586
oracle,learning_progress,13,2.9175,2.7139447724040537,0.8577228640252451,0.25909607678442725,65.19,1.0957476872930978
oracle,learning_progress,14,3.0075,2.8256895020715724,0.8306116753976511,0.2657486455167508,74.025,1.0432316378205475
oracle,learning_progress,15,2.96,2.792325266661736,0.8355032777073472,0.24478227496910634,64.98,1.0840060413466952
oracle,learning_progress,16,3.025,2.7853047978125955,0.8306727770421821,0.2643483559461515,66.8775,1.0545043931195288
oracle,learning_progress,17,3.0025,2.8059461866281534,0.8421597307898219,0.2637291433140729,68.3075,1.0705383430103717
oracle,learning_progress,18,2.985,2.7937459614492144,0.8399512569731493,0.2609934542820803,68.8225,1.0653913448565027
oracle,learning_progress,19,2.945,2.7103930827515814,0.8158261168041507,0.25190043087825464,66.12,1.0637581945515844
oracle,learning_progress,20,2.97,2.7472127899290655,0.8449542046619405,0.26137747353045365,66.2125,1.0838275523167402
oracle,learning_progress,21,2.995,2.800400530607344,0.8225059673876564,0.2491114159032233,67.005,1.0582709098697007
oracle,learning_progress,22,2.9375,2.7366218160133156,0.8235750819419071,0.2516771080344529,64.4975,1.0562319350087028
oracle,learning_progress,23,2.8275,2.665861034362937,0.8042645993033326,0.2558932440467697,60.7075,1.069741029099646
oracle,learning_progress,24,2.9125,2.7238058440327224,0.8384157604776695,0.2649416692072391,68.585,1.0685994057905335
oracle,learning_progress,25,2.985,2.7610067685688624,0.8490438700201094,0.25092537384594227,63.8525,1.0875828466817703
oracle,learning_progress,26,2.9925,2.7767009502437032,0.8263485685240579,0.26346375574307335,67.9075,1.055046637178497
oracle,learning_progress,27,2.8525,2.6214644907739215,0.8185638451558036,0.265562299061715,63.395,1.0545297199350694
oracle,learning_progress,28,2.865,2.6787064040236364,0.8032939754269844,0.24999252825808782,60.7125,1.0490529045447898
oracle,learning_progress,29,3.02,2.8261902690384217,0.8404070732251876,0.25932046828477656,70.9625,1.0672003078283578
oracle,learning_progress,30,3.05,2.835762876215914,0.8371990337837042,0.24682428916799587,69.0475,1.072195803676832
oracle,composite_time,1,2.9525,2.742943723691584,0.8360777216497456,0.27036496517852493,66.8125,0.5655394684317404
oracle,composite_time,2,2.8775,2.654942330524607,0.835324204135598,0.2790594641845424,69.34,0.5706018719769343
oracle,composite_time,3,2.9925,2.803070048156112,0.8233117262620928,0.24184917280594267,61.4325,0.55480507080321
oracle,composite_time,4,2.785,2.575201810407206,0.8106446841538006,0.2754892374105686,61.19,0.5598435959748812
oracle,composite_time,5,2.9,2.7329885185103278,0.8378945143933982,0.2390215038900574,61.405,0.5582248116805596
oracle,composite_time,6,2.9275,2.78279292744125,0.8251334846432777,0.2653931634582634,70.5325,0.5676962880312967
oracle,composite_time,7,2.8725,2.690205592750881,0.8210468034138364,0.2687361039618113,58.785,0.5659927710268109
oracle,composite_time,8,2.9775,2.8079675149521197,0.8417697861601784,0.24896747978582512,64.8925,0.5572159635584243
oracle,composite_time,9,3.0675,2.8615259653131937,0.8285523841435694,0.25645014620393625,66.0175,0.5643159380654953
oracle,composite_time,10,2.97,2.7770991145197126,0.8361314592352774,0.27866497594506506,74.4125,0.5708322718468439
oracle,composite_time,11,2.9925,2.7989648676319443,0.8216919202529069,0.2705255891987206,66.3325,0.5694582564496501
oracle,composite_time,12,2.8525,2.681022586176042,0.821038437254653,0.24118037158312894,54.37,0.5535329184159226
oracle,composite_time,13,2.8925,2.727266255271561,0.8092603389272671,0.2609590657247718,63.6925,0.5608911372797711
oracle,composite_time,14,2.91,2.714872646466785,0.825038818911102,0.27002547293309526,64.105,0.5634826911184844
oracle,composite_time,15,2.925,2.7548385144865732,0.8154128257711603,0.2673969891219283,61.155,0.5618034360218932
oracle,composite_time,16,2.87,2.6908090546560284,0.8348112843399881,0.25731317514508234,62.7675,0.5647179393081353
oracle,composite_time,17,3.0025,2.8110139870560484,0.8433106643600402,0.2503626338451632,62.0575,0.5567404219906921
oracle,composite_time,18,2.9475,2.7567410359275595,0.8355037724369554,0.26233411602505485,69.8175,0.5718344407268356
oracle,composite_time,19,2.88,2.676231514216229,0.813707285442752,0.2637899226088491,64.49,0.559934977333477
oracle,composite_time,20,2.8775,2.7369563930377865,0.8380604282080801,0.26577887464548416,67.365,0.5678102430082729
oracle,composite_time,21,3.0375,2.8369242597853725,0.8448369990998457,0.2490955337654951,67.27,0.5589997768810758
oracle,composite_time,22,2.845,2.6506911858434865,0.8082842036371735,0.26511275966594006,58.3225,0.5527448386800609
oracle,composite_time,23,2.875,2.702570853683976,0.8263924614264159,0.26813895775944147,64.805,0.5656122393724644
oracle,composite_time,24,2.9475,2.7800707282158648,0.8386203017008569,0.2298625161805589,61.215,0.5505337287461937
oracle,composite_time,25,2.855,2.617415510539532,0.8092781458615457,0.2695512210753445,63.6225,0.5616585213553811
oracle,composite_time,26,2.96,2.7649213652780817,0.8177751286062795,0.25654152028051397,60.6875,0.557934858197543
oracle,composite_time,27,2.945,2.7565614184269993,0.839483163211338,0.27569835365013445,66.175,0.571529161466201
oracle,composite_time,28,3.0025,2.8436764290278433,0.8369544532819667,0.260273845474356,66.045,0.5609427371876321
oracle,composite_time,29,2.9675,2.7795762592182633,0.8134947667539837,0.2708098568885261,66.22,0.564474474623781
oracle,composite_time,30,2.8,2.609507018627292,0.8145069941933181,0.2719963929893814,60.6825,0.559967426415565
