student_type,agent_type,run,final_state,avg_state,accuracy,engagement,questions_answered,avg_total_reward
FAST,bandit,1,2.6475,2.364524331856115,0.4270925573459571,0.5021716085161294,70.8925,0.44961627269700877
FAST,bandit,2,2.6525,2.3831065818039905,0.42376046924720323,0.4983389133309284,69.88,0.44613400247232077
FAST,bandit,3,2.6875,2.4718611250923055,0.4097032547592464,0.486164095797718,72.3275,0.43264150707078786
FAST,bandit,4,2.75,2.4971013624504383,0.4326694037999188,0.4773163532951814,75.4375,0.4460634886484975
FAST,bandit,5,2.645,2.388117204277771,0.4166046144514086,0.5030892668058708,65.2475,0.44255001015774725
FAST,bandit,6,2.745,2.4786320034413882,0.41570862580714146,0.4831714519821979,71.03,0.43594747365965847
FAST,bandit,7,2.755,2.4889602498932053,0.42145920880543586,0.4578045206882005,65.6975,0.43236280237026514
FAST,bandit,8,2.76,2.5132318503190154,0.4153661364132576,0.4662208926425749,72.2425,0.4306225632820528
FAST,bandit,9,2.6975,2.4568732229249175,0.40051687729536295,0.45429653100719775,69.2025,0.4166507734089134
FAST,bandit,10,2.7175,2.427612325422523,0.42622385597368867,0.4914693867535723,72.6425,0.4457975152076537
FAST,bandit,11,2.84,2.581640655802332,0.42362607295903815,0.46666355121966957,72.9475,0.4365373164372276
FAST,bandit,12,2.695,2.39673793591864,0.42537783933507617,0.5119990681172035,77.2925,0.4513642079697144
FAST,bandit,13,2.7225,2.411791770612444,0.4326018752444682,0.5071499988567395,71.86,0.45496631232814955
FAST,bandit,14,2.7525,2.4462233395381414,0.4123389538964577,0.4624906384544126,71.0475,0.42738445926384405
FAST,bandit,15,2.6875,2.4586884876479225,0.4350423384712916,0.4822376306575208,77.9675,0.44920092612716034
FAST,bandit,16,2.6425,2.394606825784532,0.43158923208174493,0.5142647029988656,75.275,0.4563918733568811
FAST,bandit,17,2.6625,2.41115717460295,0.4357933668870679,0.484248489709999,78.3825,0.45032990373394727
FAST,bandit,18,2.6375,2.3552978848171664,0.4388219477735277,0.5011879379562559,79.46,0.4575317448283461
FAST,bandit,19,2.565,2.3751117636357084,0.4079320042790035,0.4782926743358081,72.095,0.42904020529604486
FAST,bandit,20,2.705,2.464774424664692,0.4193137154865309,0.46900168919222424,70.37,0.4342201075982389
FAST,bandit,21,2.6825,2.426866681888666,0.44150884001195495,0.5313713351956042,80.535,0.4684675885670497
FAST,bandit,22,2.715,2.3950170934664765,0.43868008761981714,0.5243984488107956,78.225,0.46439559597711066
FAST,bandit,23,2.6425,2.3863311767414577,0.41621283228924705,0.4834692972400748,72.885,0.43638977177449534
FAST,bandit,24,2.6225,2.4052645550068363,0.4311274380727437,0.5148236049710654,75.61,0.4562362881422402
FAST,bandit,25,2.61,2.418198468936255,0.40400727799569586,0.4836870900127545,64.8175,0.4279112216008134
FAST,bandit,26,2.7425,2.4688194585623706,0.4265589833131606,0.4838959382112495,74.33,0.4437600697825872
FAST,bandit,27,2.72,2.4192953894823206,0.4550796493001424,0.5207716330679198,89.455,0.4747872444304756
FAST,bandit,28,2.635,2.375082133766085,0.40345164653792165,0.4732033578388763,66.215,0.424377159928208
FAST,bandit,29,2.665,2.3815126636721495,0.43180731740663236,0.49726356917029463,75.88,0.45144419293573107
FAST,bandit,30,2.7175,2.4170254966633986,0.4098040077775395,0.47726596954518913,65.09,0.43004259630783437
FAST,bandit,31,2.69,2.4481517447434418,0.41425362880771915,0.47051054845151485,72.535,0.4311307047008579
FAST,bandit,32,2.6525,2.398212757054105,0.4389104176664233,0.5013497500124927,75.505,0.4576422173702441
FAST,bandit,33,2.59,2.332372605236482,0.44163867608154184,0.5202088836041737,77.4525,0.4652097383383314
FAST,bandit,34,2.66,2.4375306307651914,0.3839096116824341,0.44768356570954365,63.67,0.4030417978905669
FAST,bandit,35,2.675,2.447239233916922,0.40500354013830525,0.46709362147974276,69.7675,0.42363056454073644
FAST,bandit,36,2.745,2.4600836339674896,0.42726310230811565,0.4855623180743983,74.83,0.4447528670380004
FAST,bandit,37,2.7725,2.5390489298652397,0.4254907641534696,0.467461028125431,81.7575,0.438081843345058
FAST,bandit,38,2.69,2.444269714956792,0.43498703465269906,0.5190009360668475,76.94,0.46019120507694355
FAST,bandit,39,2.71,2.453096808423896,0.45111891711974955,0.4949072060533611,79.3575,0.464255403799833
FAST,bandit,40,2.6575,2.3594863944367086,0.44378270312417845,0.5042167722414493,80.355,0.46191292385935967
FAST,bandit,41,2.73,2.4747511404025704,0.42337651235947427,0.4796278939076268,73.7175,0.44025192682391995
FAST,bandit,42,2.685,2.479882683619695,0.4247147374319657,0.4665695802366054,72.81,0.4372711902733576
FAST,bandit,43,2.68,2.464864474146008,0.4294949726904722,0.4925527033996066,77.8275,0.4484122919032124
FAST,bandit,44,2.7,2.4291451284673373,0.43320083074102717,0.48053846352132396,78.645,0.4474021205751162
FAST,bandit,45,2.6925,2.447902081374592,0.41719380795037003,0.47897648567906953,76.0925,0.4357286112689799
FAST,bandit,46,2.6425,2.4040993435835945,0.4379745376046201,0.5022038603371319,75.64,0.45724333442437354
FAST,bandit,47,2.665,2.3279409141447367,0.4227293795015293,0.491095809168973,69.915,0.4432393084017623
FAST,bandit,48,2.5,2.2542985724181737,0.43252649993468373,0.529846128603971,75.0225,0.4617223885354699
FAST,bandit,49,2.595,2.3082370336489566,0.4360279021005403,0.5258134919779138,78.64,0.4629635790637524
FAST,bandit,50,2.715,2.5304128379012587,0.4002960022530459,0.4428203610849316,68.14,0.4130533099026115
FAST,pomdp,1,2.3875,2.3739713402165927,0.5664642482397195,0.7763700228450193,126.125,0.6294359806213095
FAST,pomdp,2,2.5125,2.5015132724232543,0.5685831590585556,0.7469422922417869,119.665,0.622090899013525
FAST,pomdp,3,2.4925,2.4976800965847716,0.5622621111924037,0.7408211177580049,119.655,0.6158298131620841
FAST,pomdp,4,2.5925,2.5947743623412403,0.5672568432246863,0.7996392507092384,133.3725,0.636971565470052
FAST,pomdp,5,2.45,2.4673966679598056,0.5602101787985735,0.7774946184580813,123.3525,0.6253955106964257
FAST,pomdp,6,2.445,2.461227476085549,0.5687274629302492,0.7903189715524696,133.035,0.6352049155169153
FAST,pomdp,7,2.4575,2.45657805960642,0.5676340702978098,0.7458386394525491,119.5725,0.6210954410442315
FAST,pomdp,8,2.3825,2.355405550565146,0.5707818844640122,0.7853922951222256,130.2975,0.6351650076614761
FAST,pomdp,9,2.4175,2.4240877610905103,0.5664331477325859,0.7798313255425582,131.56,0.6304526010755775
FAST,pomdp,10,2.3875,2.3946105265975577,0.5615430739389317,0.7634185251895537,119.28,0.6221057093141181
FAST,pomdp,11,2.395,2.4250890462854406,0.564525820566337,0.7762696475064049,129.5,0.6280489686483574
FAST,pomdp,12,2.3875,2.3918249346550464,0.5609946649510391,0.752704425174544,122.9475,0.6185075930180906
FAST,pomdp,13,2.3025,2.2950490473110903,0.5717659671661814,0.7698440284447507,125.6375,0.6311893855497521
FAST,pomdp,14,2.4475,2.452695861496726,0.5766102505954293,0.7644519787210311,136.2575,0.6329627690331098
FAST,pomdp,15,2.42,2.422869728880991,0.5668209184178942,0.7913850131015302,129.32,0.6341901468229848
FAST,pomdp,16,2.3725,2.355477550197737,0.5695742979365557,0.7958473740985497,132.7275,0.6374562207851538
FAST,pomdp,17,2.455,2.4510994974210063,0.574462251226199,0.7934764234354327,131.27,0.6401665028889689
FAST,pomdp,18,2.465,2.4721238348017347,0.5746945736491927,0.777742977197772,132.1375,0.6356090947137665
FAST,pomdp,19,2.345,2.362859408179407,0.5583999966501589,0.7651062703547333,127.0875,0.6204118787615311
FAST,pomdp,20,2.3675,2.361219891465492,0.569888402501328,0.7490691733110537,128.0475,0.6236426337442458
FAST,pomdp,21,2.32,2.3154001047021566,0.5795809217305259,0.8073555163590314,136.7625,0.6479133001190774
FAST,pomdp,22,2.475,2.4636960182644496,0.5576736883359805,0.7718952628927644,116.98,0.6219401607030156
FAST,pomdp,23,2.3325,2.341746169819114,0.5828694699358682,0.7734433896687233,132.03,0.6400416458557247
FAST,pomdp,24,2.5275,2.5108690242703737,0.5587297441487707,0.7904194997011679,125.565,0.6282366708144899
FAST,pomdp,25,2.46,2.469581854422978,0.5844457979959735,0.7911584708653837,130.5225,0.6464595998567964
FAST,pomdp,26,2.45,2.4735008794844173,0.5662831693275892,0.7783902389806869,126.0125,0.6299152902235184
FAST,pomdp,27,2.38,2.377781654815321,0.5518977906412813,0.7441826782748285,115.6975,0.6095832569313454
FAST,pomdp,28,2.455,2.4419020386062082,0.5648822098042228,0.7372068438183871,125.82,0.616579600008472
FAST,pomdp,29,2.415,2.4067977964784943,0.5751904997031834,0.774841734900428,129.175,0.6350858702623567
FAST,pomdp,30,2.4075,2.4043173083031975,0.5708125879115761,0.7793382278860497,127.715,0.6333702799039181
FAST,pomdp,31,2.5625,2.5611820875680853,0.5552369337102057,0.8100692995304526,135.85,0.6316866434562798
FAST,pomdp,32,2.5675,2.5675988451752234,0.5672273895793977,0.7836699722367558,125.685,0.632160164376605
FAST,pomdp,33,2.4775,2.4750549544804,0.5721145253539731,0.7839049185575817,131.1575,0.6356516433150556
FAST,pomdp,34,2.4625,2.4916396346264524,0.5705705358040071,0.7606152470460035,127.82,0.627583949176606
FAST,pomdp,35,2.36,2.371947944429883,0.5670153496040214,0.7755646760946705,125.99,0.629580147551216
FAST,pomdp,36,2.4475,2.463323176361869,0.5652768985827903,0.7715457320243579,123.115,0.6271575486152605
FAST,pomdp,37,2.54,2.5286923767203633,0.5564451244437326,0.7567836876548539,123.075,0.616546693407069
FAST,pomdp,38,2.4175,2.3879455774881224,0.55950293257083,0.7449959140223896,124.7925,0.6151508270062979
FAST,pomdp,39,2.445,2.4401380347840544,0.5672122757153703,0.7917355517490472,127.69,0.6345692585254734
FAST,pomdp,40,2.395,2.3810024787264066,0.5829602795751491,0.8004470259125327,138.1625,0.6482063034763641
FAST,pomdp,41,2.4225,2.402266792803957,0.5711296865076334,0.77286657177361,117.28,0.6316507520874264
FAST,pomdp,42,2.3425,2.3705349525461177,0.5667938516895918,0.7408677418948676,121.9975,0.6190160187511745
FAST,pomdp,43,2.385,2.413311542457683,0.564342940488186,0.7669673630746423,126.1375,0.6251302672641228
FAST,pomdp,44,2.3625,2.380022192775003,0.5706042539831264,0.7992661573451864,136.5675,0.6392028249917443
FAST,pomdp,45,2.3625,2.3817056306206217,0.5773426826989704,0.7878299295368363,129.785,0.6404888567503302
FAST,pomdp,46,2.4325,2.4166209915994163,0.5555616687859226,0.7598007008412417,126.2875,0.6168333784025184
FAST,pomdp,47,2.425,2.4406346691340963,0.5769407614419254,0.7763596832181446,122.42,0.6367664379747912
FAST,pomdp,48,2.4675,2.466880530354467,0.5797267387323423,0.7758108493921131,127.17,0.6385519719302735
FAST,pomdp,49,2.3675,2.381988012594373,0.5731027283253822,0.8088884412784703,136.0075,0.6438384422113085
FAST,pomdp,50,2.375,2.367929046097461,0.5753650025632048,0.7889514881180314,143.7475,0.6394409482296527
STEADY,bandit,1,2.56,2.3535181329915065,0.5741798617105031,0.5434277013257252,139.74,0.5649542135950697
STEADY,bandit,2,2.455,2.277258746735032,0.5933659712332119,0.561922052811098,147.26,0.5839327957065776
STEADY,bandit,3,2.5325,2.3095130747618224,0.5484776154177632,0.5287811773829704,133.3575,0.5425686840073254
STEADY,bandit,4,2.595,2.3718429117794146,0.5412137959433845,0.5253304568116548,125.1325,0.5364487942038656
STEADY,bandit,5,2.545,2.363887921434535,0.5727553274520447,0.5329357961398236,146.16,0.5608094680583784
STEADY,bandit,6,2.5575,2.306070995905906,0.5836679345059854,0.5753969983473791,148.88,0.5811866536584035
STEADY,bandit,7,2.565,2.329559095893273,0.5720360737423582,0.5549173403370208,139.235,0.5669004537207569
STEADY,bandit,8,2.51,2.270132346207401,0.5816712806509569,0.5700218453908955,144.4575,0.5781764500729384
STEADY,bandit,9,2.6175,2.384452918313764,0.5290540382687462,0.5129229268342747,123.0725,0.5242147048384047
STEADY,bandit,10,2.5025,2.226723116404078,0.5937024500375473,0.575342847105636,150.19,0.5881945691579739
STEADY,bandit,11,2.53,2.2766592394834864,0.5788568511038029,0.5690928961100934,150.815,0.57592766460569
STEADY,bandit,12,2.58,2.3737819689441553,0.5458235766842602,0.5204368536833915,129.365,0.5382075597839996
STEADY,bandit,13,2.455,2.2794513476500864,0.568942490461646,0.5609081976266789,143.6775,0.5665322026111559
STEADY,bandit,14,2.5625,2.3937077734776904,0.5723663013594572,0.5410473403698007,146.695,0.5629706130625601
STEADY,bandit,15,2.4625,2.1899035614090496,0.597834765599246,0.5762071354855075,147.005,0.5913464765651244
STEADY,bandit,16,2.5575,2.3555340864937597,0.581992990837515,0.5607518780589804,137.5125,0.5756206570039546
STEADY,bandit,17,2.525,2.307111047343631,0.5692161321754762,0.5371097193144582,140.8975,0.5595842083171708
STEADY,bandit,18,2.625,2.439910277497967,0.5353424615834534,0.5030169484382869,133.39,0.5256448076399035
STEADY,bandit,19,2.555,2.242003441968507,0.5856541931266674,0.5871462005602216,151.7225,0.5861017953567337
STEADY,bandit,20,2.4825,2.296755719529409,0.5791766703698955,0.5454478227516808,136.72,0.5690580160844312
STEADY,bandit,21,2.5475,2.3166496025548313,0.5655297995059037,0.5370335221343763,139.7475,0.5569809162944455
STEADY,bandit,22,2.5675,2.3201922188101323,0.5871739620975636,0.5670996134938552,152.805,0.581151657516451
STEADY,bandit,23,2.5425,2.3108736799890783,0.5721255311220372,0.5530771067335444,139.0625,0.5664110038054894
STEADY,bandit,24,2.5425,2.2921346925345962,0.5599126925140503,0.558359292868666,138.52,0.5594466726204349
STEADY,bandit,25,2.5,2.241130821085701,0.5830586094838767,0.5747035463568454,144.8675,0.5805520905457673
STEADY,bandit,26,2.605,2.380110224557444,0.5908411154568322,0.5505308939145362,143.11,0.5787480489941433
STEADY,bandit,27,2.595,2.407656303926454,0.5701117803976753,0.5393812745235108,145.8375,0.5608926286354259
STEADY,bandit,28,2.51,2.2841945192169333,0.5749688355251945,0.5607355646632607,141.4875,0.5706988542666143
STEADY,bandit,29,2.485,2.3215215167911225,0.5514698183451133,0.5284312373630619,128.6175,0.5445582440504979
STEADY,bandit,30,2.55,2.32940174764858,0.5567578085379834,0.5484950633923806,145.565,0.5542789849943025
STEADY,bandit,31,2.5375,2.265412464680303,0.5831592196534348,0.5782142680524006,148.1375,0.5816757341731246
STEADY,bandit,32,2.4575,2.2393454860716413,0.582500416176403,0.5758022299474203,150.7425,0.5804909603077081
STEADY,bandit,33,2.435,2.2232323025462724,0.5972476011063266,0.5824783372491795,150.9925,0.5928168219491825
STEADY,bandit,34,2.4725,2.26485928475978,0.5872089326494505,0.5517776484179175,138.175,0.5765795473799906
STEADY,bandit,35,2.65,2.4155342135235207,0.5762946330519648,0.5373814424063594,136.145,0.5646206758582831
STEADY,bandit,36,2.6625,2.4585028620264198,0.5315395401377017,0.5004622764782297,117.4375,0.52221636103986
STEADY,bandit,37,2.55,2.316281632295433,0.5636587354329019,0.5444030050015408,131.2125,0.5578820163034934
STEADY,bandit,38,2.5925,2.3713414467421825,0.5757811220922326,0.5492993217279266,136.945,0.5678365819829407
STEADY,bandit,39,2.4875,2.233292205981532,0.575918991764921,0.5635589843562738,140.715,0.5722109895423269
STEADY,bandit,40,2.57,2.369679764108359,0.5754443775167057,0.5413279321695523,146.0525,0.5652094439125598
STEADY,bandit,41,2.48,2.2395228986253066,0.5953620611377266,0.568589701917378,146.7075,0.5873303533716219
STEADY,bandit,42,2.6275,2.4076725950801925,0.5414039382830579,0.5016633377649566,125.11,0.5294817581276274
STEADY,bandit,43,2.6,2.3221338478107514,0.5426734883975545,0.5464780982134883,139.425,0.5438148713423345
STEADY,bandit,44,2.585,2.3848023072673494,0.58146718665152,0.5387578106727653,137.5725,0.5686543738578935
STEADY,bandit,45,2.5075,2.3391924250362104,0.5790340114956536,0.5473395122199497,141.9725,0.5695256617129424
STEADY,bandit,46,2.645,2.382760631695737,0.5771506690767019,0.5414365576354403,142.5625,0.5664364356443233
STEADY,bandit,47,2.6275,2.4131123669627237,0.5793207433069458,0.5358827626202575,143.5425,0.5662893491009393
STEADY,bandit,48,2.5425,2.331908063504351,0.5652320334358041,0.5288993872780462,141.12,0.5543322395884768
STEADY,bandit,49,2.4975,2.325757832756111,0.5667702200695395,0.527706399766671,136.4975,0.5550510739786789
STEADY,bandit,50,2.5875,2.3264215276533524,0.5686431390384149,0.5660411309920884,141.615,0.5678625366245168
STEADY,pomdp,1,1.6075,1.7976037240243585,0.7005663129429552,0.7359686473869869,161.45,0.7111870132761647
STEADY,pomdp,2,1.5875,1.7487638436494632,0.6911968512937853,0.7542419940318165,170.235,0.7101103941151947
STEADY,pomdp,3,1.5225,1.7157830696755019,0.6993594937560002,0.715352424730621,169.3125,0.7041573730483864
STEADY,pomdp,4,1.45,1.6748615138353966,0.6981468299266774,0.7506518131179817,177.515,0.7138983248840686
STEADY,pomdp,5,1.5275,1.7420649958770276,0.6897194708365255,0.7556131074595267,178.27,0.7094875618234258
STEADY,pomdp,6,1.56,1.7450638414512702,0.6966436787030932,0.7380015848056536,165.065,0.7090510505338614
STEADY,pomdp,7,1.6375,1.8094273018077593,0.6907687217114209,0.7485593393438527,172.875,0.7081059070011506
STEADY,pomdp,8,1.5125,1.6994707560611095,0.6974335702853145,0.7264352401547495,165.89,0.706134071246145
STEADY,pomdp,9,1.635,1.8428458154385325,0.6748100516508032,0.7534867736344145,166.3625,0.6984130682458866
STEADY,pomdp,10,1.485,1.6870961788169223,0.688572518190666,0.7151324159674172,168.095,0.6965404875236914
STEADY,pomdp,11,1.4675,1.6495323462043432,0.6893723971111911,0.7419089997491645,182.0,0.7051333779025833
STEADY,pomdp,12,1.5325,1.7267593379630377,0.6886907705375194,0.743134569894456,175.95,0.7050239103446003
STEADY,pomdp,13,1.59,1.7421002336010423,0.6842693637638575,0.7366659577857413,163.49,0.6999883419704227
STEADY,pomdp,14,1.625,1.7917883056508055,0.6824248666107868,0.7221420597649648,165.5525,0.6943400245570404
STEADY,pomdp,15,1.5375,1.7497607913325384,0.6959377832304946,0.7504804845334325,172.325,0.712300593621376
STEADY,pomdp,16,1.5875,1.8079605604995022,0.6847660932642284,0.71453208150196,159.9,0.6936958897355479
STEADY,pomdp,17,1.505,1.7280260842837851,0.6845525542020974,0.7261878054441181,170.69,0.6970431295747036
STEADY,pomdp,18,1.585,1.739749318848714,0.6861558803263338,0.7342570085395077,168.16,0.700586218790286
STEADY,pomdp,19,1.5975,1.7686986156033941,0.6930014100669101,0.7297382664352213,164.3975,0.7040224669774033
STEADY,pomdp,20,1.455,1.6439525524057097,0.7157973733787965,0.7524969119691559,182.17,0.7268072349559043
STEADY,pomdp,21,1.555,1.7957167122392372,0.6811521718294383,0.728396457825688,161.6925,0.6953254576283132
STEADY,pomdp,22,1.605,1.8273727734889045,0.685161358282999,0.7278894990675445,164.47,0.6979798005183625
STEADY,pomdp,23,1.545,1.6825122869309603,0.6921322935067675,0.731717955383103,172.5325,0.7040079920696681
STEADY,pomdp,24,1.485,1.6286986297722457,0.6821071133561166,0.7398637203895154,170.31,0.6994340954661362
STEADY,pomdp,25,1.59,1.738735676834375,0.6882828580779367,0.7107893266436167,160.8075,0.6950347986476405
STEADY,pomdp,26,1.615,1.763434878315669,0.6937856706042532,0.7439217955265139,170.67,0.7088265080809315
STEADY,pomdp,27,1.5175,1.7001520440543185,0.6818328779767784,0.7128609643834497,165.7675,0.6911413038987797
STEADY,pomdp,28,1.5175,1.6758532549174816,0.6929742704276398,0.7001501125992755,160.0325,0.6951270230791304
STEADY,pomdp,29,1.6175,1.8000506812357735,0.6865796004107687,0.7558446820430034,176.69,0.7073591249004391
STEADY,pomdp,30,1.575,1.754727752292804,0.6835892758721173,0.7607618543958171,167.6525,0.7067410494292272
STEADY,pomdp,31,1.64,1.8347646906109565,0.680330934245799,0.7280537687427153,165.495,0.6946477845948741
STEADY,pomdp,32,1.605,1.8035670793851772,0.6873180514947259,0.6973488516826442,158.765,0.6903272915511013
STEADY,pomdp,33,1.455,1.6581944260767076,0.6919298344361011,0.7092858419884936,166.62,0.6971366367018189
STEADY,pomdp,34,1.5675,1.7624237708542723,0.6940178147483235,0.7583194813697819,171.59,0.7133083147347609
STEADY,pomdp,35,1.56,1.69282683110826,0.7037540808514191,0.6950154033283726,162.2225,0.7011324775945051
STEADY,pomdp,36,1.5425,1.7579428125271357,0.6828767701639413,0.7569546345080036,173.4675,0.7051001294671599
STEADY,pomdp,37,1.585,1.758657385533664,0.6870778443586708,0.7562200596939435,175.2775,0.7078205089592526
STEADY,pomdp,38,1.57,1.7639024509994088,0.6864680102133875,0.7139218190919724,163.5475,0.6947041528769629
STEADY,pomdp,39,1.575,1.7660129192250293,0.6872156505064885,0.7367000265928693,167.3025,0.7020609633324026
STEADY,pomdp,40,1.6325,1.8415453443685732,0.6819079907019377,0.7532855718551394,173.5825,0.7033212650478982
STEADY,pomdp,41,1.515,1.7045095203278688,0.6933146403608432,0.7203132005544904,162.4425,0.7014142084189373
STEADY,pomdp,42,1.565,1.7180978690824398,0.6895462800814798,0.7360251390034955,169.3475,0.7034899377580843
STEADY,pomdp,43,1.6325,1.824869027772745,0.6902153760838553,0.7217296440359151,163.9525,0.6996696564694733
STEADY,pomdp,44,1.5475,1.7249541603653729,0.7005839868555274,0.7331480284941396,171.465,0.7103531993471112
STEADY,pomdp,45,1.52,1.718787269401694,0.6893975406246606,0.7404636515568116,169.075,0.7047173739043059
STEADY,pomdp,46,1.5125,1.709255922191523,0.6922635792008951,0.7612883711653364,178.525,0.7129710167902275
STEADY,pomdp,47,1.495,1.679217108942444,0.6997505312457396,0.7213834660146456,172.6075,0.7062404116764114
STEADY,pomdp,48,1.5825,1.7808552139920686,0.68610628386083,0.7220637026390264,170.5675,0.696893509494289
STEADY,pomdp,49,1.515,1.707033541155738,0.6840609346809569,0.7138503922907392,162.49,0.6929977719638917
STEADY,pomdp,50,1.63,1.8162574520528725,0.672492472240917,0.702978701494574,159.79,0.6816383410170141
FORGETFUL,bandit,1,1.7375,1.807349904882341,0.2773555471115084,0.38483568847574906,27.24,0.3095995895207806
FORGETFUL,bandit,2,1.7025,1.76763870771582,0.2955784062290034,0.4053055016215623,29.8975,0.32849653484677105
FORGETFUL,bandit,3,1.695,1.7365740336240418,0.2798416796625967,0.41433513067457184,30.4775,0.3201897149661893
FORGETFUL,bandit,4,1.72,1.7675072996611858,0.2844569546952283,0.39657258704357984,36.5875,0.3180916443997338
FORGETFUL,bandit,5,1.7625,1.795951709250503,0.29735827855976515,0.4057602957356057,36.4775,0.32987888371251733
FORGETFUL,bandit,6,1.735,1.8126784926455541,0.2831661047385887,0.3928161531375251,29.66,0.31606111925826963
FORGETFUL,bandit,7,1.655,1.7277614448079464,0.2825784304980181,0.39628684423086724,28.79,0.31669095461787294
FORGETFUL,bandit,8,1.8175,1.8780390713822643,0.27089199687329185,0.37003447931924527,26.785,0.30063474160707787
FORGETFUL,bandit,9,1.695,1.75372964844857,0.2899002950046983,0.40749643457571183,30.11,0.32517913687600236
FORGETFUL,bandit,10,1.7125,1.7786931869464246,0.26772614064887384,0.39939606975859,31.26,0.3072271193817887
FORGETFUL,bandit,11,1.7625,1.756115252009697,0.290166419204555,0.4109509876726747,31.695,0.32640178974499096
FORGETFUL,bandit,12,1.7675,1.8373625403690073,0.2692630739838483,0.3811077086771138,30.5175,0.302816464391828
FORGETFUL,bandit,13,1.7075,1.795061935381827,0.2707676863363412,0.38958119227564764,28.6975,0.30641173811813316
FORGETFUL,bandit,14,1.7175,1.7716620501974143,0.2758261949875154,0.3847590489323187,31.4475,0.3085060511709564
FORGETFUL,bandit,15,1.6775,1.7461194613717799,0.2913994562219781,0.41873605756904153,34.9125,0.3296004366260971
FORGETFUL,bandit,16,1.7375,1.7806217409388796,0.284423739943659,0.4058195525474973,29.7875,0.3208424837248105
FORGETFUL,bandit,17,1.72,1.7638754146154378,0.27750608702609353,0.40194115814672055,29.5925,0.3148366083622816
FORGETFUL,bandit,18,1.6625,1.7403560534581992,0.2816560357306177,0.39850924546878486,30.15,0.3167119986520679
FORGETFUL,bandit,19,1.815,1.9151053251212926,0.26179207238821733,0.3515387086834608,31.6325,0.2887160632767904
FORGETFUL,bandit,20,1.735,1.7880979194538187,0.2664900733225057,0.38463642618857635,30.7875,0.3019339791823269
FORGETFUL,bandit,21,1.7525,1.8247600724915083,0.2770862832696973,0.38152143565853064,30.2125,0.3084168289863473
FORGETFUL,bandit,22,1.765,1.8439609632861924,0.2674676517231942,0.37955958119931965,29.0375,0.3010952305660319
FORGETFUL,bandit,23,1.7825,1.8029443309712911,0.2653133425635568,0.3849630284738301,28.8925,0.30120824833663884
FORGETFUL,bandit,24,1.8025,1.862956925887869,0.2707627431744726,0.3718558166105165,28.58,0.3010906652052857
FORGETFUL,bandit,25,1.68,1.7276131257577136,0.290703572372441,0.4192248192985811,33.54,0.32925994645028306
FORGETFUL,bandit,26,1.735,1.8031389119590062,0.2791781137320139,0.3913007965918584,27.0325,0.31281491858996724
FORGETFUL,bandit,27,1.74,1.7911448104313958,0.2803630131235941,0.41023403957381804,32.1675,0.31932432105866126
FORGETFUL,bandit,28,1.7175,1.775413349951175,0.28619951611451633,0.37068673371804495,29.3725,0.3115456813955749
FORGETFUL,bandit,29,1.745,1.8086909407683174,0.2838719264017119,0.38726915280969565,30.29,0.31489109432410695
FORGETFUL,bandit,30,1.735,1.8363070008317623,0.26157196506239394,0.3680952349769613,23.8025,0.29352894603676416
FORGETFUL,bandit,31,1.7075,1.7450848920830637,0.2873772273376855,0.41577168162628936,29.83,0.32589556362426664
FORGETFUL,bandit,32,1.76,1.8039069452477612,0.29114707556961944,0.37419659259051985,34.2,0.31606193067588956
FORGETFUL,bandit,33,1.69,1.7030262884827432,0.30439681315665507,0.42241112947694903,34.535,0.3398011080527432
FORGETFUL,bandit,34,1.6975,1.7706427555690107,0.2949395375630055,0.3995080498698258,29.845,0.3263100912550516
FORGETFUL,bandit,35,1.7225,1.736008238065848,0.2912850024806584,0.4171254724868576,32.785,0.32903714348251817
FORGETFUL,bandit,36,1.705,1.7575328867779734,0.28550602324415847,0.4174459175798934,30.8475,0.32508799154487894
FORGETFUL,bandit,37,1.6525,1.726269378976607,0.2877203294079026,0.4191639433027992,32.645,0.32715341357637157
FORGETFUL,bandit,38,1.85,1.8543368806540823,0.28542480173153784,0.3784000845739907,29.8075,0.3133173865842737
FORGETFUL,bandit,39,1.78,1.8106244195611692,0.2842629941679168,0.3863340001370041,32.1525,0.314884295958643
FORGETFUL,bandit,40,1.735,1.8866244737712046,0.2646488867624134,0.37600501789563195,28.8175,0.29805572610237896
FORGETFUL,bandit,41,1.6925,1.7077445380660083,0.29784808083549014,0.40596984293149435,30.535,0.33028460946429133
FORGETFUL,bandit,42,1.8125,1.8965956574057288,0.26426347948632983,0.34659549227669906,28.53,0.2889630833234406
FORGETFUL,bandit,43,1.6925,1.7942522954991187,0.278658814726762,0.38799747416540514,30.0125,0.31146041255835494
FORGETFUL,bandit,44,1.74,1.7993000006129973,0.29754819037746644,0.400408045663324,28.9925,0.3284061469632236
FORGETFUL,bandit,45,1.7025,1.7573749859957573,0.2960340180907931,0.39795134339343946,30.9425,0.3266092156815871
FORGETFUL,bandit,46,1.7,1.7828786737318598,0.27487136767999515,0.37876870581991695,29.0125,0.30604056912197175
FORGETFUL,bandit,47,1.785,1.852420214481412,0.28950076733801033,0.383053769316325,28.33,0.31756666793150473
FORGETFUL,bandit,48,1.655,1.7287565968907068,0.28476208791085755,0.4144544298466583,27.175,0.32366979049159783
FORGETFUL,bandit,49,1.775,1.8020801230400183,0.2693012794266974,0.3932332750516197,28.41,0.30648087811417407
FORGETFUL,bandit,50,1.795,1.8790677614427005,0.26195267874058475,0.3749038003143631,26.2775,0.29583801521271824
FORGETFUL,pomdp,1,1.7975,1.9270229823432405,0.42843761259268154,0.40297842174769044,23.9725,0.42079985533918424
FORGETFUL,pomdp,2,1.755,1.8453977857351154,0.42335887778377557,0.42842903766788154,27.325,0.4248799257490073
FORGETFUL,pomdp,3,1.7375,1.8675109552174416,0.44450799568271804,0.38809570172960023,25.81,0.4275843074967828
FORGETFUL,pomdp,4,1.84,1.9773443610883101,0.4414469006478723,0.3851255507220381,26.01,0.424550495670122
FORGETFUL,pomdp,5,1.9175,2.028762902456062,0.46018372332001234,0.40486368392780264,23.675,0.44358771150234944
FORGETFUL,pomdp,6,1.73,1.8667086046302992,0.41623092059614847,0.3976425490024064,25.465,0.4106544091180258
FORGETFUL,pomdp,7,1.875,2.00611164649458,0.46232304052631457,0.40813970344909273,31.145,0.446068039403148
FORGETFUL,pomdp,8,1.875,1.9885031203766779,0.4242493752054288,0.4093771454671703,24.25,0.41978770628395123
FORGETFUL,pomdp,9,1.705,1.8496627530950482,0.4292882420282867,0.4313291620803275,28.94,0.42990051804389895
FORGETFUL,pomdp,10,1.805,1.9704989873342462,0.44038707454531917,0.4339639246797504,28.5675,0.43846012958564856
FORGETFUL,pomdp,11,1.865,1.975565910133224,0.45237072083208957,0.4054493285733355,27.69,0.4382943031544633
FORGETFUL,pomdp,12,1.8475,1.965439881998052,0.4601523106052637,0.4296879866497927,28.6375,0.4510130134186224
FORGETFUL,pomdp,13,1.8975,2.0168460462266067,0.44517710246539804,0.40135380735118614,23.73,0.43203011393113444
FORGETFUL,pomdp,14,1.7525,1.8762334425329112,0.4570964045709225,0.40545739461562474,25.76,0.4416047015843331
FORGETFUL,pomdp,15,1.89,2.0115522284706406,0.4430034417497298,0.38620554405815866,24.07,0.4259640724422584
FORGETFUL,pomdp,16,1.83,2.000582699563222,0.4247725715597693,0.39659610485404423,22.735,0.4163196315480518
FORGETFUL,pomdp,17,1.805,1.8987167645735104,0.44228682675604963,0.4120550110284299,25.795,0.43321728203776366
FORGETFUL,pomdp,18,1.92,2.021023515415987,0.4374314240245841,0.40524710451252616,23.625,0.42777612817096666
FORGETFUL,pomdp,19,1.815,1.9367236319733303,0.4494589101535519,0.4224242317260727,28.6175,0.44134850662530817
FORGETFUL,pomdp,20,1.7975,1.9323140889579093,0.4478009306958692,0.44052622068146435,33.4025,0.4456185176915477
FORGETFUL,pomdp,21,1.8475,1.9905000068791785,0.4181999479206438,0.38730678292485715,24.8825,0.4089319984219078
FORGETFUL,pomdp,22,1.8625,1.98146088472972,0.42241513612973924,0.393157511896413,22.3425,0.4136378488597414
FORGETFUL,pomdp,23,1.835,1.9361898313943593,0.42271377247076053,0.39764426667209607,22.745,0.4151929207311612
FORGETFUL,pomdp,24,1.77,1.9438571368376971,0.4372742584672551,0.43384749466957684,28.0975,0.43624622932795165
FORGETFUL,pomdp,25,1.82,1.9351434212035286,0.4430789496505893,0.4114531768594995,28.14,0.4335912178132624
FORGETFUL,pomdp,26,1.985,2.1124498470695983,0.43663291799003345,0.383433194854757,24.3475,0.4206730010494505
FORGETFUL,pomdp,27,1.89,2.013183388789496,0.4404604252068235,0.40628699814057995,24.215,0.43020839708695036
FORGETFUL,pomdp,28,1.7625,1.897903026668497,0.42527687498297423,0.4275732259939875,25.745,0.4259657802862782
FORGETFUL,pomdp,29,1.875,1.982707739463239,0.44984334766459155,0.4152024107561395,26.5175,0.4394510665920559
FORGETFUL,pomdp,30,1.78,1.9333074965236745,0.4551607969091518,0.4322875353008668,28.4775,0.44829881842666625
FORGETFUL,pomdp,31,1.83,1.957993119905091,0.44826830917586796,0.4139486739763896,27.0675,0.43797241861602443
FORGETFUL,pomdp,32,1.8425,1.9921167220405818,0.4626131308093514,0.4022184578382408,27.7375,0.44449472891801817
FORGETFUL,pomdp,33,1.6925,1.8139778263557502,0.4357803986686294,0.4296201855397587,28.3575,0.4339323347299681
FORGETFUL,pomdp,34,1.8775,2.007648521065923,0.442471953591149,0.43616462122877026,28.6025,0.44057975388243537
FORGETFUL,pomdp,35,1.88,2.0055550545617193,0.4337060467352864,0.38893982127126153,25.33,0.4202761790960789
FORGETFUL,pomdp,36,1.755,1.8199144679194352,0.4421099578633169,0.4229911553258356,30.88,0.43637431710207253
FORGETFUL,pomdp,37,1.8675,1.9854644013770217,0.4320427840504905,0.36689707594897203,22.5625,0.41249907162003496
FORGETFUL,pomdp,38,1.955,2.053035245824997,0.43059161811217145,0.37651721865486965,22.2175,0.4143692982749808
FORGETFUL,pomdp,39,1.8675,2.005541760558951,0.4564327347550741,0.40841783859469294,26.73,0.44202826590695987
FORGETFUL,pomdp,40,1.7975,1.9307696601469448,0.4570114541663922,0.40635480694886267,27.08,0.44181446000113334
FORGETFUL,pomdp,41,1.8625,1.9696087320613356,0.44508509339124785,0.4032575176727549,27.755,0.4325368206757
FORGETFUL,pomdp,42,1.7225,1.8153969929691436,0.45787860019500504,0.42479745821469733,28.8975,0.4479542576009128
FORGETFUL,pomdp,43,1.865,2.03753475821061,0.43050400867770927,0.39168294065445125,21.6225,0.41885768827073183
FORGETFUL,pomdp,44,1.79,1.9190128189000626,0.42199494755840483,0.43301065216690227,28.06,0.42529965894095395
FORGETFUL,pomdp,45,1.78,1.9259515010719235,0.4354691931364097,0.40313734484619895,25.075,0.42576963864934647
FORGETFUL,pomdp,46,1.9675,2.0561561535941406,0.4332228060969723,0.4162571135806719,25.2125,0.42813309834208224
FORGETFUL,pomdp,47,1.67,1.758557363887262,0.4477386232155077,0.41798105380074646,27.2675,0.43881135239107927
FORGETFUL,pomdp,48,1.91,2.0293766288915185,0.44437565427494646,0.4008411593634646,24.695,0.43131530580150185
FORGETFUL,pomdp,49,1.86,1.9928595736222388,0.44750029952747183,0.41313414133291226,24.8775,0.437190452069104
FORGETFUL,pomdp,50,1.7175,1.866110174352048,0.44076631184220894,0.4275063540997553,31.4225,0.43678832451947286
RANDOM,bandit,1,2.0475,1.9868765749922292,0.3972463743591822,0.45328282398058406,61.9125,0.41405730924560274
RANDOM,bandit,2,2.145,2.0823591180621044,0.3548807386867767,0.41045971111940943,54.5375,0.37155443041656655
RANDOM,bandit,3,2.0775,1.9917702860098303,0.3442429499780807,0.4324804518945068,57.9475,0.37071420055300847
RANDOM,bandit,4,2.0675,2.015215543193965,0.3608921187815079,0.4327163782654082,58.585,0.382439396626678
RANDOM,bandit,5,2.08,2.038439717847736,0.3666788989860409,0.4603202414106215,57.9625,0.3947713017134151
RANDOM,bandit,6,1.9875,1.9747624404918342,0.3694366414805809,0.455780385103684,58.53,0.39533976456751185
RANDOM,bandit,7,2.1675,2.09627038623787,0.37021094987028447,0.4312862018491366,56.5575,0.38853352546394015
RANDOM,bandit,8,2.095,2.0498784903584526,0.3752035048514394,0.43983363893404176,56.89,0.39459254507622005
RANDOM,bandit,9,2.0825,2.082944726629989,0.36410418890434043,0.4201404134237844,55.0425,0.38091505626017363
RANDOM,bandit,10,1.9975,1.9405589278179687,0.3723125835977982,0.4383065874421199,60.43,0.3921107847510947
RANDOM,bandit,11,2.015,1.9664448500107623,0.37534927087367975,0.45603542107507944,58.7375,0.39955511593409965
RANDOM,bandit,12,2.08,2.0450209842287417,0.36194957300642094,0.45140946313152186,63.335,0.3887875400439512
RANDOM,bandit,13,2.035,1.9721538923919724,0.36623351956101063,0.45934883869310894,63.7575,0.3941681153006401
RANDOM,bandit,14,2.035,1.9934287706063003,0.38643349316229875,0.4503484682525362,62.5575,0.40560798568937
RANDOM,bandit,15,2.035,2.0270640567717004,0.361210810912674,0.4280926784520045,56.73,0.381275371174473
RANDOM,bandit,16,2.1025,2.0431823490240792,0.3705541859829895,0.4376947782119924,62.2925,0.3906963636516904
RANDOM,bandit,17,2.0975,2.05601405373061,0.35903430247905116,0.42985385002944215,56.65,0.3802801667441685
RANDOM,bandit,18,2.1075,2.0141196620618573,0.37501988397346325,0.45372395044676367,56.2525,0.3986311039154533
RANDOM,bandit,19,2.125,2.0645773300725874,0.34222957751713534,0.4140158544685346,49.415,0.36376546060255516
RANDOM,bandit,20,2.0675,2.0158895827685517,0.36058065201634404,0.4389875440662508,59.955,0.38410271963131615
RANDOM,bandit,21,2.0225,1.9531919651166396,0.3845643005118032,0.46915273532236795,67.9075,0.4099408309549726
RANDOM,bandit,22,1.9875,1.9269409714861312,0.38706360742731816,0.4623964582202874,65.0075,0.40966346266520887
RANDOM,bandit,23,2.0525,1.979677120796906,0.36542207238056934,0.4544772245414327,62.8825,0.3921386180288283
RANDOM,bandit,24,2.15,2.081405631612543,0.3584690035492399,0.43131310009469237,60.3625,0.3803222325128756
RANDOM,bandit,25,2.0675,2.0078276613464094,0.3676243042969906,0.43830910256903843,58.405,0.3888297437786049
RANDOM,bandit,26,2.0775,1.9883972006997805,0.39630029221573737,0.4676525887688672,65.205,0.4177059811816763
RANDOM,bandit,27,2.11,2.096354495794404,0.3637077773796473,0.4356451559135152,62.235,0.3852889909398077
RANDOM,bandit,28,2.015,1.9811613780560982,0.3711535852286653,0.43478114453828653,61.75,0.39024185302155173
RANDOM,bandit,29,1.985,1.9519121821379515,0.36835895131510876,0.4564504960000788,60.9775,0.3947864147205998
RANDOM,bandit,30,2.1375,2.083332422401674,0.3696468109626704,0.43710297949592586,57.8125,0.38988366152264703
RANDOM,bandit,31,2.05,2.053247750739769,0.3463838105155405,0.4218285821277587,56.5375,0.36901724199920594
RANDOM,bandit,32,2.1575,2.105906278936735,0.36240108953075123,0.4274173890105152,55.15,0.3819059793746804
RANDOM,bandit,33,2.1375,2.0708215611700784,0.36465084171534756,0.4363850110159271,61.9025,0.38617109250552134
RANDOM,bandit,34,2.02,1.9753668989605717,0.35553965328151876,0.44432049948191404,58.52,0.38217390714163735
RANDOM,bandit,35,2.06,2.0104631037989082,0.3521485131599094,0.44288261492123526,56.09,0.37936874368830714
RANDOM,bandit,36,2.0275,2.0451613674813256,0.36704539215690474,0.43107752904336694,60.2475,0.3862550332228434
RANDOM,bandit,37,2.1325,2.1070379856716714,0.3879454004360884,0.45056641283084653,61.075,0.4067317041545158
RANDOM,bandit,38,2.045,2.001331874555177,0.37989401130847583,0.4635041565383136,60.4975,0.40497705487742713
RANDOM,bandit,39,1.9825,1.9657565536630222,0.36004705041576157,0.4463175567918876,55.63,0.38592820232859937
RANDOM,bandit,40,2.2225,2.140847168523443,0.37154435570482336,0.432295105759206,62.1475,0.38976958072113815
RANDOM,bandit,41,2.155,2.131477745248082,0.3541045567513713,0.4035909430677701,52.6175,0.368950472646291
RANDOM,bandit,42,2.095,2.051364823679555,0.3747959877277702,0.42719913107992086,60.4075,0.39051693073341537
RANDOM,bandit,43,1.9825,1.9497575305037929,0.35049938115527746,0.4303596828913768,55.155,0.37445747167610727
RANDOM,bandit,44,1.9825,1.9281263776668138,0.3719894905106305,0.44744541462584747,58.0625,0.39462626774519566
RANDOM,bandit,45,2.13,2.052203341908396,0.3555635449230814,0.4302419428609982,55.415,0.37796706430445637
RANDOM,bandit,46,2.14,2.0816672325468475,0.38579755551766565,0.43134514941765956,71.0125,0.39946183368766386
RANDOM,bandit,47,2.1675,2.120866153656154,0.34445074056726205,0.41121609081458776,57.56,0.36448034564145976
RANDOM,bandit,48,2.0175,1.9420897522498637,0.392749337463114,0.49441555621307215,65.2825,0.4232492030881015
RANDOM,bandit,49,2.0675,2.0225619817172253,0.35215643087837273,0.4279813301308691,57.195,0.37490390065412155
RANDOM,bandit,50,2.055,2.0544230641987213,0.35420278089046353,0.42994535462634587,63.3825,0.3769255530112282
RANDOM,pomdp,1,1.825,1.9601391244654958,0.5352889339385004,0.5605524586555912,83.2825,0.5428679913536277
RANDOM,pomdp,2,1.8925,1.9912540031799149,0.530151693614749,0.5625975694675965,73.4825,0.5398854563706033
RANDOM,pomdp,3,1.85,1.986076167190628,0.522409660176086,0.5715597588247645,74.5775,0.5371546897706895
RANDOM,pomdp,4,1.8175,1.9457401256813867,0.5470987406779717,0.5483240655581223,77.37,0.5474663381420168
RANDOM,pomdp,5,1.855,1.9856038648541738,0.5116260355295296,0.5620318435895557,75.9,0.5267477779475374
RANDOM,pomdp,6,1.76,1.8982794855286256,0.5272148058439327,0.5050949926862869,67.76,0.5205788618966389
RANDOM,pomdp,7,1.905,2.014494101209449,0.5315258793677706,0.5231444801074099,71.795,0.5290114595896624
RANDOM,pomdp,8,1.885,2.008262556906746,0.5123477785810457,0.5133462856739018,70.5225,0.5126473307089026
RANDOM,pomdp,9,1.825,1.934120880603602,0.5251305883936647,0.5630287020930809,73.78,0.5365000225034895
RANDOM,pomdp,10,1.8975,2.0293385441840726,0.5251699900323521,0.5434048854370475,70.3625,0.5306404586537606
RANDOM,pomdp,11,1.8525,1.9909834472331642,0.4930506930245617,0.5406467850114357,70.6175,0.507329520620624
RANDOM,pomdp,12,1.8025,1.9329471682079231,0.5153869746628965,0.5516698346224976,79.5275,0.5262718326507768
RANDOM,pomdp,13,1.885,2.0143937081127485,0.5083098495299597,0.5537026430529197,66.275,0.5219276875868477
RANDOM,pomdp,14,1.97,2.071542937049382,0.5148171788398453,0.5799818591895224,68.88,0.5343665829447485
RANDOM,pomdp,15,1.8175,1.9988660585281566,0.5137562349639855,0.5438177765770688,75.1275,0.5227746974479105
RANDOM,pomdp,16,1.9375,2.0460570598942036,0.5066336012950867,0.5611924744363969,78.9675,0.5230012632374799
RANDOM,pomdp,17,1.93,2.0637317924450262,0.531287468527563,0.5525090277305406,76.65,0.5376539362884563
RANDOM,pomdp,18,1.9225,2.052285392264595,0.5213855695641972,0.5449881821121816,72.7375,0.5284663533285925
RANDOM,pomdp,19,1.8925,1.984837548519516,0.5229273462566719,0.5580737900047668,71.6,0.5334712793811003
RANDOM,pomdp,20,1.905,2.08982777199094,0.5048723728827299,0.5225259608183727,66.8725,0.5101684492634226
RANDOM,pomdp,21,1.885,1.9734434778158647,0.5527072393066453,0.5454646119968348,79.775,0.5505344511137023
RANDOM,pomdp,22,1.92,2.0551913836537956,0.5259202155533915,0.5473606436118611,66.4425,0.5323523439709323
RANDOM,pomdp,23,1.8725,2.014129933608685,0.5129964653140269,0.5459097177010362,75.7075,0.5228704410301296
RANDOM,pomdp,24,1.9075,2.0566033680170492,0.5102286903812293,0.5418019245121175,70.915,0.5197006606204958
RANDOM,pomdp,25,1.8025,1.9618195512893337,0.5088603708053038,0.559322519967373,80.085,0.5239990155539246
RANDOM,pomdp,26,1.83,1.9824438030224711,0.5125429995067999,0.5243457735108341,70.1125,0.5160838317080103
RANDOM,pomdp,27,1.97,2.0679421614437685,0.5237953187149101,0.5588956197618529,78.365,0.534325409028993
RANDOM,pomdp,28,1.88,2.0406162221390622,0.5265932394013166,0.5332811731597505,71.705,0.5285996195288467
RANDOM,pomdp,29,1.9375,2.066439176486854,0.5362543985370215,0.5390625988536528,72.06,0.5370968586320108
RANDOM,pomdp,30,1.9,2.0148182634190164,0.5176283051929097,0.5740134626655189,77.21,0.5345438524346925
RANDOM,pomdp,31,1.91,2.055246643212571,0.5228702815732893,0.548088534662972,79.4025,0.5304357575001941
RANDOM,pomdp,32,1.86,1.978784995798503,0.48565037369718467,0.5339894352165755,66.6225,0.5001520921530019
RANDOM,pomdp,33,1.885,1.9904694495811106,0.5270502505530381,0.5383714153219868,67.1575,0.5304465999837228
RANDOM,pomdp,34,1.8075,1.9291407387746262,0.5229380434459658,0.5621646117731391,74.23,0.5347060139441179
RANDOM,pomdp,35,1.915,2.0359881801201802,0.5112515801749631,0.5514405844398131,71.71,0.5233082814544181
RANDOM,pomdp,36,1.9025,2.049741993376388,0.5272219255962571,0.5493278973948614,72.62,0.5338537171358384
RANDOM,pomdp,37,1.815,1.9263750437589204,0.507312212211316,0.5522457263212357,76.3325,0.5207922664442919
RANDOM,pomdp,38,1.8875,2.0310924288364167,0.5373081406146533,0.5829973682263493,82.3,0.5510149088981621
RANDOM,pomdp,39,1.88,2.0049581658547293,0.5373679704487531,0.568794629988749,78.105,0.5467959683107518
RANDOM,pomdp,40,1.895,2.078850793036139,0.5136838827438117,0.5673774421027035,74.4,0.5297919505514793
RANDOM,pomdp,41,1.8225,1.9697367111683093,0.5001265495111266,0.5611218589033807,74.1725,0.5184251423288028
RANDOM,pomdp,42,1.8875,2.0622565684143326,0.5252937632552667,0.5581828147809926,73.81,0.5351604787129844
RANDOM,pomdp,43,1.83,1.9783683252019142,0.5412088353007359,0.5648561749220591,84.58,0.5483030371871329
RANDOM,pomdp,44,1.85,1.971707316979407,0.533369604036657,0.5616121919483225,73.5,0.5418423804101566
RANDOM,pomdp,45,1.9975,2.128656970650498,0.4889297709967845,0.5368250994835713,62.8,0.5032983695428206
RANDOM,pomdp,46,1.7625,1.8889820947157647,0.5217424652715771,0.5415057435361444,71.395,0.5276714487509473
RANDOM,pomdp,47,1.905,2.0262382918887925,0.5339635874539318,0.5430941944258406,70.1925,0.5367027695455043
RANDOM,pomdp,48,1.825,2.0162545488167973,0.523307142056066,0.5551968581354729,76.48,0.5328740568798881
RANDOM,pomdp,49,1.885,1.9855697348472399,0.5162830310350882,0.5687809470092412,71.345,0.532032405827334
RANDOM,pomdp,50,1.8375,2.0096961401544995,0.5195113886091992,0.5509865111489616,67.31,0.528953925371128
